CMB0001WH/3,49.99,USD
CMB0001WH/4,49.99,USD
CMB0001WH/5,49.99,USD
CMB0001WH/6,49.99,USD
CMB0002WH/3,69.99,USD
CMB0002WH/4,69.99,USD
CMB0002WH/5,69.99,USD
CMB0002WH/6,69.99,USD
CVX0001BK/2,74.99,USD
CVX0001BK/3,74.99,USD
CVX0001BK/4,74.99,USD
CVX0001BK/5,74.99,USD
CVX0002BK/2,59.99,USD
CVX0002BK/3,59.99,USD
CVX0002BK/4,59.99,USD
CVX0002BK/5,59.99,USD
E0001BK/S-M,13.59,USD
E0001BK/L-XL,13.59,USD
E0001W/S-M,13.59,USD
E0001W/L-XL,13.59,USD
E0003/S-M,19.99,USD
E0003/M-L,19.99,USD
E0003/L-XL,19.99,USD
E0004/S-M,29.99,USD
E0004/L-XL,29.99,USD
E0005/S-M,19.99,USD
E0005/L-XL,19.99,USD
E0006/3,12.99,USD
E0006/5,12.99,USD
E0007,11.99,USD
E0015MS/4,19.99,USD
E0028/3,17.26,USD
E0028C/3,17.22,USD
E0035/3,18.99,USD
E0035/5,18.99,USD
E0036/3,15.04,USD
E0038BK/2,16.99,USD
E0038BK/3,16.99,USD
E0038R/2,16.99,USD
E0038R/3,16.99,USD
E0040BL,19.99,USD
E0040CL,19.99,USD
E0040OR,19.99,USD
E0040SM,19.99,USD
E0040ST,19.99,USD
E0040YL,19.99,USD
E0041,49.99,USD
E0042/2,29.99,USD
E0042/3,29.99,USD
E0042/4,29.99,USD
E0042/5,29.99,USD
E0042/6,29.99,USD
E0042/7,29.99,USD
E0043BC,11.99,USD
E0043RP,9.59,USD
E0043WC,11.99,USD
E0045,33.99,USD
E0046BK,49.99,USD
E0048,49.99,USD
E0052,19.99,USD
E0053,25.99,USD
E0060/3,24.99,USD
E0060/4,24.99,USD
E0060/5,24.99,USD
E0060/6,24.99,USD
E0060/7,24.99,USD
E0061/2,24.99,USD
E0061/3,24.99,USD
E0061/4,24.99,USD
E0061/5,24.99,USD
E0062/2,24.99,USD
E0062/3,24.99,USD
E0062/4,24.99,USD
E0062/5,24.99,USD
E0062/6,24.99,USD
E0062/7,24.99,USD
E0063/3,24.99,USD
E0063/4,24.99,USD
E0063/5,24.99,USD
E0063/6,24.99,USD
E0066BK,59.99,USD
E0066KG,59.99,USD
E0066MB,59.99,USD
E0066OR,59.99,USD
E0068BK/2,39.99,USD
E0068BK/5,39.99,USD
E0068BK/6,39.99,USD
E0068BK/7,39.99,USD
E0068Y/2,39.99,USD
E0068Y/3,39.99,USD
E0068Y/4,39.99,USD
E0068Y/5,39.99,USD
E0068Y/6,39.99,USD
E0068Y/7,39.99,USD
E0069BK/3,27.99,USD
E0069BK/4,27.99,USD
E0069BK/5,27.99,USD
E0069BK/6,27.99,USD
E0069BK/7,27.99,USD
E0070/3,10.39,USD
E0072BK/5,24.99,USD
E0073,14.99,USD
E0075BK/2,29.99,USD
E0075BK/3,29.99,USD
E0075BK/4,29.99,USD
E0075BK/5,29.99,USD
E0075BK/6,29.99,USD
E0075BK/7,29.99,USD
E0075BU/2,23.99,USD
E0075BU/3,23.99,USD
E0075BU/6,23.99,USD
E0075BU/7,23.99,USD
E0075R/2,29.99,USD
E0075R/3,29.99,USD
E0075R/4,29.99,USD
E0075R/5,29.99,USD
E0075R/6,29.99,USD
E0075R/7,29.99,USD
E0076BK/2,22.99,USD
E0076BK/3,22.99,USD
E0076BK/4,22.99,USD
E0076BK/5,22.99,USD
E0076BK/6,22.99,USD
E0076BK/7,22.99,USD
E0078CL,19.99,USD
E0078PK,15.19,USD
E0082W/2,21.59,USD
E0082W/7,21.59,USD
E0083BK/4,32.99,USD
E0083BK/5,32.99,USD
E0083BK/6,32.99,USD
E0083BK/7,32.99,USD
E0084BK/S-M,17.99,USD
E0084BK/L-XL,17.99,USD
E0086BK,52.99,USD
E0086W,52.99,USD
E0087BY/3,14.99,USD
E0087BY/5,14.99,USD
E0087GV/3,14.99,USD
E0087GV/5,14.99,USD
E0087UM/3,14.99,USD
E0087UM/5,14.99,USD
E0089BK/3,22.99,USD
E0089BK/4,22.99,USD
E0089BK/5,22.99,USD
E0089BK/6,22.99,USD
E0089W/3,18.39,USD
E0089W/4,18.39,USD
E0089W/5,18.39,USD
E0089W/6,18.39,USD
E0091BK,59.99,USD
E0095/2,29.99,USD
E0095/3,29.99,USD
E0095/4,29.99,USD
E0095/5,29.99,USD
E0095/6,29.99,USD
E0095/7,29.99,USD
E0095GV/2,29.99,USD
E0095GV/3,29.99,USD
E0095GV/4,29.99,USD
E0095GV/5,29.99,USD
E0095GV/6,29.99,USD
E0095GV/7,29.99,USD
E0096BK/5,14.99,USD
E0098BK/S-M,22.99,USD
E0098BK/L-XL,22.99,USD
E0098YV/S-M,22.99,USD
E0098YV/L-XL,22.99,USD
E0099YV,27.99,USD
E0100BK/2,49.99,USD
E0100BK/3,49.99,USD
E0100BK/4,49.99,USD
E0100BK/5,49.99,USD
E0100BK/6,49.99,USD
E0100BK/7,49.99,USD
E0102BK/S-M,11.99,USD
E0103BK/S-M,11.99,USD
E0105BK/S-M,13.99,USD
E0105BK/L-XL,13.99,USD
E0107BK/5,29.99,USD
E0107BK/6,29.99,USD
E0110BK,16.99,USD
E0110PK,16.99,USD
E0110UM,16.99,USD
E0112WH/5,27.99,USD
E0112WH/7,27.99,USD
E0113BK,22.99,USD
E0113PV,22.99,USD
E0114GV/S-M,22.99,USD
E0114GV/L-XL,22.99,USD
E0114YV/S-M,22.99,USD
E0114YV/L-XL,22.99,USD
E0115BK/S-M,21.99,USD
E0115BK/L-XL,21.99,USD
E0115WH/S-M,21.99,USD
E0115WH/L-XL,21.99,USD
E0116PK,14.99,USD
E0120GV/S-M,19.99,USD
E0120GV/M-L,19.99,USD
E0120GV/L-XL,19.99,USD
E0120PV/S-M,19.99,USD
E0120PV/M-L,19.99,USD
E0120PV/L-XL,19.99,USD
E0120YV/S-M,19.99,USD
E0120YV/M-L,19.99,USD
E0120YV/L-XL,19.99,USD
E0127BK/2,49.99,USD
E0127BK/3,49.99,USD
E0127BK/4,49.99,USD
E0127BK/5,49.99,USD
E0127BK/6,49.99,USD
E0127BK/7,49.99,USD
E0128BK/2,32.99,USD
E0128BK/3,32.99,USD
E0128BK/4,32.99,USD
E0128BK/5,32.99,USD
E0128BK/6,32.99,USD
E0128BK/7,32.99,USD
E0128YV/2,32.99,USD
E0128YV/3,32.99,USD
E0128YV/4,32.99,USD
E0128YV/5,32.99,USD
E0128YV/6,32.99,USD
E0128YV/7,32.99,USD
E0130BK/2,27.99,USD
E0130BK/3,27.99,USD
E0130BK/4,27.99,USD
E0130BK/5,27.99,USD
E0130BK/6,27.99,USD
E0130BK/7,27.99,USD
E0132BK/2,34.99,USD
E0132BK/3,34.99,USD
E0132BK/4,34.99,USD
E0132BK/5,34.99,USD
E0132BK/6,34.99,USD
E0132BK/7,34.99,USD
E0132MB/2,34.99,USD
E0132MB/3,34.99,USD
E0132MB/4,34.99,USD
E0132MB/5,34.99,USD
E0132MB/6,34.99,USD
E0132NA/2,34.99,USD
E0132NA/3,34.99,USD
E0132NA/4,34.99,USD
E0132NA/5,34.99,USD
E0132NA/6,34.99,USD
E0132NA/7,34.99,USD
E0150BK/0,11.99,USD
E0150NA/0,11.99,USD
E0151KH/0,11.99,USD
E0151MY/0,11.99,USD
E0151PT/0,11.99,USD
E1003BK/S-M,26.39,USD
E1004BK/S-M,13.99,USD
E1004BK/L-XL,13.99,USD
E1005BK/S-M,16.99,USD
E1005BK/L-XL,16.99,USD
E1015SL,79.99,USD
E1016BU,70.39,USD
E1017BK/2,24.99,USD
E1017BK/3,24.99,USD
E1017BK/4,24.99,USD
E1017BK/7,24.99,USD
E1017WH/2,24.99,USD
E1017WH/3,24.99,USD
E1017WH/6,24.99,USD
E1017WH/7,24.99,USD
E1018OC/2,23.89,USD
E1018OC/3,23.89,USD
E1018OC/4,23.89,USD
E1018OC/5,23.89,USD
E1018OC/6,23.89,USD
E1018OC/7,23.89,USD
E1018RD/3,29.99,USD
E1018RD/4,29.99,USD
E1018RD/5,29.99,USD
E1018RD/6,29.99,USD
E1018RD/7,29.99,USD
E1018WH/2,29.99,USD
E1018WH/3,29.99,USD
E1018WH/4,29.99,USD
E1018WH/5,29.99,USD
E1018WH/6,29.99,USD
E1018WH/7,29.99,USD
E1019BK/2,34.99,USD
E1019BK/3,34.99,USD
E1019BK/6,34.99,USD
E1019BK/7,34.99,USD
E1019RD/2,34.99,USD
E1019RD/3,34.99,USD
E1019RD/4,34.99,USD
E1019RD/6,34.99,USD
E1019RD/7,34.99,USD
E1019WH/2,34.99,USD
E1019WH/3,34.99,USD
E1019WH/4,34.99,USD
E1019WH/6,34.99,USD
E1019WH/7,34.99,USD
E1020BK,14.99,USD
E1021BK/3,22.99,USD
E1021BK/4,22.99,USD
E1021BK/5,22.99,USD
E1021BK/6,22.99,USD
E1023BK/3,29.99,USD
E1023BK/6,29.99,USD
E1023BK/7,29.99,USD
E1024BK/1,29.99,USD
E1024BK/2,29.99,USD
E1026BK/2,32.99,USD
E1026BK/3,32.99,USD
E1026BK/4,32.99,USD
E1026BK/5,32.99,USD
E1026BK/6,32.99,USD
E1026BK/7,32.99,USD
E1026RD/2,32.99,USD
E1026RD/3,32.99,USD
E1026RD/4,32.99,USD
E1026RD/5,32.99,USD
E1026RD/6,32.99,USD
E1026RD/7,32.99,USD
E1028AN/0,11.99,USD
E1028BK/0,11.99,USD
E1028PU/0,11.99,USD
E1028UM/0,11.99,USD
E1030BK/S-M,32.99,USD
E1030BK/M-L,32.99,USD
E1030BK/L-XL,32.99,USD
E1031BK/S-M,49.99,USD
E1031BK/M-L,49.99,USD
E1031BK/L-XL,49.99,USD
E1032BK/S-M,39.99,USD
E1032BK/L-XL,39.99,USD
E1035BK/S-M,25.99,USD
E1035BK/M-L,25.99,USD
E1035BK/L-XL,25.99,USD
E1036BK/S-M,27.99,USD
E1036BK/L-XL,27.99,USD
E1037BK/S-M,37.99,USD
E1037BK/M-L,37.99,USD
E1037BK/L-XL,37.99,USD
E1038BK/S-M,27.99,USD
E1038BK/L-XL,27.99,USD
E1039BK/S-M,22.99,USD
E1039BK/L-XL,22.99,USD
E1040BK/0,14.99,USD
E1041WH/0,14.99,USD
E1042BK/S-M,29.99,USD
E1042BK/L-XL,29.99,USD
E1043BK/S-M,34.99,USD
E1043BK/L-XL,34.99,USD
E1048BK/S-M,29.99,USD
E1048BK/L-XL,29.99,USD
E1050BK/S-M,29.99,USD
E1050BK/L-XL,29.99,USD
E1102,9.99,USD
E1103BK,179.99,USD
E1105BK,11.99,USD
E1107BK,64.99,USD
E1108BK/S-M,57.99,USD
E1108BK/L-XL,57.99,USD
E1109BK/S-M,49.99,USD
E1109BK/M-L,49.99,USD
E1109BK/L-XL,49.99,USD
E1110BK,7.19,USD
E1111BK/S-M,32.99,USD
E1111BK/L-XL,32.99,USD
E1112BK/S-M,59.99,USD
E1112BK/L-XL,59.99,USD
E1113BK/0,11.99,USD
E1117BK/3,49.99,USD
E1117BK/4,49.99,USD
E1117BK/5,49.99,USD
E1117BK/6,49.99,USD
E1117BK/7,49.99,USD
E1118BK/3,32.99,USD
E1118BK/4,32.99,USD
E1118BK/5,32.99,USD
E1118BK/6,32.99,USD
E1118BK/7,32.99,USD
E1119BK/6,34.99,USD
E1119BK/7,34.99,USD
E1120BK/3,27.99,USD
E1120BK/4,27.99,USD
E1120BK/5,27.99,USD
E1120BK/6,27.99,USD
E1120BK/7,27.99,USD
E1120WH/3,27.99,USD
E1120WH/4,27.99,USD
E1120WH/5,27.99,USD
E1120WH/6,27.99,USD
E1120WH/7,27.99,USD
E1121BK/0,13.99,USD
E1123BK/2,19.99,USD
E1123BK/3,19.99,USD
E1123BK/6,19.99,USD
E1123BK/7,19.99,USD
E1123RD/2,19.99,USD
E1124BK/2,24.99,USD
E1124BK/3,24.99,USD
E1124BK/4,24.99,USD
E1124BK/6,24.99,USD
E1124BK/7,24.99,USD
E1124RD/2,24.99,USD
E1124RD/3,24.99,USD
E1124RD/4,24.99,USD
E1124RD/6,24.99,USD
E1124RD/7,24.99,USD
E1125BK/3,19.99,USD
E1125BK/4,19.99,USD
E1125BK/5,19.99,USD
E1125BK/6,19.99,USD
E1125BK/7,19.99,USD
E1125CM/3,19.99,USD
E1125CM/5,19.99,USD
E1125CM/6,19.99,USD
E1125CM/7,19.99,USD
E1125MB/3,19.99,USD
E1125MB/4,19.99,USD
E1125MB/5,19.99,USD
E1125MB/6,19.99,USD
E1125MB/7,19.99,USD
E1125MY/3,19.99,USD
E1125MY/4,19.99,USD
E1125MY/5,19.99,USD
E1125MY/6,19.99,USD
E1125MY/7,19.99,USD
E1125PT/3,19.99,USD
E1125PT/5,19.99,USD
E1125PT/6,19.99,USD
E1125PT/7,19.99,USD
E1125RD/3,19.99,USD
E1125RD/4,19.99,USD
E1125RD/5,19.99,USD
E1125RD/6,19.99,USD
E1125RD/7,19.99,USD
E1128BK/S-M,14.99,USD
E1128BK/L-XL,14.99,USD
E1128WH/S-M,14.99,USD
E1128WH/L-XL,14.99,USD
E1129BK/0,14.99,USD
E1129WH/0,14.99,USD
E1130WH/S-M,14.99,USD
E1130WH/L-XL,14.99,USD
E1131BK/S-M,14.99,USD
E1131BK/L-XL,14.99,USD
E1132BK/S-M,13.99,USD
E1132BK/L-XL,13.99,USD
E1132WH/S-M,13.99,USD
E1132WH/L-XL,13.99,USD
E1133BK/S-M,16.99,USD
E1133BK/L-XL,16.99,USD
E1134BK/0,69.99,USD
E1134BU/0,69.99,USD
E1134KG/0,69.99,USD
E1135BK/0,119.99,USD
E1136BK/0,119.99,USD
E1137BK/0,49.99,USD
E1137WH/0,49.99,USD
E1138BK/0,59.99,USD
E1138RD/0,59.99,USD
E1138WH/0,59.99,USD
E1143BK/0,89.99,USD
E1143BU/0,89.99,USD
E1143KG/0,89.99,USD
E1144BK/0,139.99,USD
E1145BK/2,49.99,USD
E1145BK/3,49.99,USD
E1145BK/4,49.99,USD
E1145BK/5,49.99,USD
E1145BK/6,49.99,USD
E1145BK/7,49.99,USD
E1145GV/2,49.99,USD
E1145GV/3,49.99,USD
E1145GV/4,49.99,USD
E1145GV/5,49.99,USD
E1145GV/6,49.99,USD
E1145GV/7,49.99,USD
E1146BK/S-M,14.99,USD
E1146BK/L-XL,14.99,USD
E1148BK/4,27.99,USD
E1149BK/0,15.99,USD
E1150BK/0,15.99,USD
E1151BK/3,22.99,USD
E1152BK/3,39.99,USD
E1152BK/4,39.99,USD
E1152BK/5,39.99,USD
E1152BK/6,39.99,USD
E1152BK/7,39.99,USD
E1154BK/S-M,44.99,USD
E1154BK/M-L,44.99,USD
E1154BK/L-XL,44.99,USD
E1157BK/S-M,49.99,USD
E1157BK/L-XL,49.99,USD
E1158BK/S-M,44.99,USD
E1158BK/L-XL,44.99,USD
E1160BK/2,24.99,USD
E1160BK/3,24.99,USD
E1160BK/4,24.99,USD
E1160BK/5,24.99,USD
E1160BK/6,24.99,USD
E1160BK/7,24.99,USD
E1160KH/2,24.99,USD
E1160KH/3,24.99,USD
E1160KH/4,24.99,USD
E1160KH/5,24.99,USD
E1160KH/6,24.99,USD
E1160KH/7,24.99,USD
E1160RD/2,24.99,USD
E1160RD/3,24.99,USD
E1160RD/4,24.99,USD
E1160RD/5,24.99,USD
E1160RD/6,24.99,USD
E1160RD/7,24.99,USD
E1161BK/2,22.99,USD
E1161BK/3,22.99,USD
E1161BK/4,22.99,USD
E1161BK/5,22.99,USD
E1161BK/6,22.99,USD
E1161BK/7,22.99,USD
E1161RD/2,22.99,USD
E1161RD/3,22.99,USD
E1161RD/4,22.99,USD
E1161RD/5,22.99,USD
E1161RD/6,22.99,USD
E1161RD/7,22.99,USD
E1162BK/2,39.99,USD
E1162BK/3,39.99,USD
E1162BK/4,39.99,USD
E1162BK/5,39.99,USD
E1162BK/6,39.99,USD
E1162BK/7,39.99,USD
E1165BK/3,19.99,USD
E1165BK/4,19.99,USD
E1165BK/5,19.99,USD
E1165BK/6,19.99,USD
E1165BK/7,19.99,USD
E1165GV/2,19.99,USD
E1165GV/3,19.99,USD
E1165GV/4,19.99,USD
E1165GV/5,19.99,USD
E1165GV/6,19.99,USD
E1165GV/7,19.99,USD
E1165OC/4,19.99,USD
E1165OC/5,19.99,USD
E1165RD/2,19.99,USD
E1165RD/3,19.99,USD
E1165RD/4,19.99,USD
E1165RD/5,19.99,USD
E1165RD/6,19.99,USD
E1165RD/7,19.99,USD
E1166BK/2,34.99,USD
E1166BK/3,34.99,USD
E1166BK/4,34.99,USD
E1166BK/5,34.99,USD
E1166BK/6,34.99,USD
E1166BK/7,34.99,USD
E1166GV/2,34.99,USD
E1166GV/3,34.99,USD
E1166GV/4,34.99,USD
E1166GV/5,34.99,USD
E1166GV/6,34.99,USD
E1166GV/7,34.99,USD
E1166RD/2,34.99,USD
E1166RD/3,34.99,USD
E1166RD/4,34.99,USD
E1166RD/5,34.99,USD
E1166RD/6,34.99,USD
E1166RD/7,34.99,USD
E1166WH/2,34.99,USD
E1166WH/3,34.99,USD
E1166WH/4,34.99,USD
E1166WH/5,34.99,USD
E1166WH/6,34.99,USD
E1166WH/7,34.99,USD
E1167BK/2,24.99,USD
E1167BK/3,24.99,USD
E1167BK/4,24.99,USD
E1167BK/5,24.99,USD
E1167BK/6,24.99,USD
E1167BK/7,24.99,USD
E1167RD/2,24.99,USD
E1167RD/3,24.99,USD
E1167WH/3,24.99,USD
E1167WH/4,24.99,USD
E1167WH/5,24.99,USD
E1167WH/6,24.99,USD
E1167WH/7,24.99,USD
E1168BK/3,26.99,USD
E1168BK/4,26.99,USD
E1168BK/5,26.99,USD
E1168BK/6,26.99,USD
E1168BK/7,26.99,USD
E1168MY/4,26.99,USD
E1168MY/5,26.99,USD
E1168MY/6,26.99,USD
E1168MY/7,26.99,USD
E1168NA/3,26.99,USD
E1168NA/4,26.99,USD
E1168NA/5,26.99,USD
E1168NA/6,26.99,USD
E1168NA/7,26.99,USD
E1168PT/4,26.99,USD
E1168PT/5,26.99,USD
E1168PT/6,26.99,USD
E1168PT/7,26.99,USD
E1170BK/0,39.99,USD
E1170GY/0,39.99,USD
E1170YV/0,39.99,USD
E1171BK/0,77.99,USD
E1171WH/0,77.99,USD
E1172BK/S-M,12.99,USD
E1172BK/L-XL,12.99,USD
E1172MY/S-M,12.99,USD
E1172MY/L-XL,12.99,USD
E1172PT/S-M,12.99,USD
E1172PT/L-XL,12.99,USD
E1173CO/0,12.99,USD
E1173MY/0,12.99,USD
E1174BK/0,69.99,USD
E1174GY/0,69.99,USD
E1174PT/0,69.99,USD
E1175NA/S-M,12.99,USD
E1175NA/L-XL,12.99,USD
E1176BK/S-M,12.99,USD
E1176BK/L-XL,12.99,USD
E1177WH/S-M,12.99,USD
E1177WH/L-XL,12.99,USD
E1178WH/0,12.99,USD
E1179BK/0,12.99,USD
E1180DM/0,12.99,USD
E1189GY/0,19.99,USD
E1190KH/0,22.99,USD
E1191NA/0,14.99,USD
E1192BK/0,14.99,USD
E1192NA/0,14.99,USD
E1192OR/0,14.99,USD
E1193BK/0,17.99,USD
E1194BU/S-M,14.99,USD
E1194BU/L-XL,14.99,USD
E1301BK/3,59.99,USD
E1301BK/4,59.99,USD
E1301BK/5,59.99,USD
E1301BK/6,59.99,USD
E1301BK/7,59.99,USD
E1501GV/S-M,114.99,USD
E1501GV/M-L,114.99,USD
E1501GV/L-XL,114.99,USD
E1501RD/L-XL,91.99,USD
E1501WH/S-M,114.99,USD
E1502MW/L-XL,82.99,USD
E1503RD/S-M,52.99,USD
E1503RD/M-L,52.99,USD
E1503RD/L-XL,52.99,USD
E1503WH/S-M,52.99,USD
E1503WH/M-L,52.99,USD
E1503WH/L-XL,52.99,USD
E1504BK/S-M,59.99,USD
E1504BK/M-L,59.99,USD
E1504BK/L-XL,59.99,USD
E1504GV/S-M,59.99,USD
E1504GV/M-L,59.99,USD
E1504GV/L-XL,59.99,USD
E1504YV/S-M,59.99,USD
E1504YV/L-XL,59.99,USD
E1505GV/S-M,42.99,USD
E1505GV/M-L,42.99,USD
E1505GV/L-XL,42.99,USD
E1505GY/S-M,42.99,USD
E1505GY/M-L,42.99,USD
E1505GY/L-XL,42.99,USD
E1505MB/S-M,42.99,USD
E1505MB/M-L,42.99,USD
E1505MB/L-XL,42.99,USD
E1505OR/S-M,42.99,USD
E1505OR/M-L,42.99,USD
E1505OR/L-XL,42.99,USD
E1505WH/S-M,42.99,USD
E1505WH/M-L,42.99,USD
E1505WH/L-XL,42.99,USD
E1506BK/S-M,149.99,USD
E1506BK/L-XL,149.99,USD
E1506NA/S-M,149.99,USD
E1506NA/M-L,149.99,USD
E1506NA/L-XL,149.99,USD
E1506OM/S-M,149.99,USD
E1506OM/M-L,149.99,USD
E1506OM/L-XL,149.99,USD
E1506WH/S-M,149.99,USD
E1506WH/L-XL,149.99,USD
E1511BK/S-M,74.99,USD
E1511BK/M-L,74.99,USD
E1511BK/L-XL,74.99,USD
E1511PT/S-M,74.99,USD
E1511PT/M-L,74.99,USD
E1511PT/L-XL,74.99,USD
E1511WH/S-M,74.99,USD
E1511WH/M-L,74.99,USD
E1511WH/L-XL,74.99,USD
E1512BK/S-M,149.99,USD
E1512BK/M-L,149.99,USD
E1512BK/L-XL,149.99,USD
E1512BV/S-M,149.99,USD
E1512BV/M-L,149.99,USD
E1512BV/L-XL,149.99,USD
E1512WH/S-M,149.99,USD
E1512WH/M-L,149.99,USD
E1512WH/L-XL,149.99,USD
E1513BK/S-M,89.99,USD
E1513BK/M-L,89.99,USD
E1513BK/L-XL,89.99,USD
E1513GV/S-M,89.99,USD
E1513GV/M-L,89.99,USD
E1513GV/L-XL,89.99,USD
E1513WH/S-M,89.99,USD
E1513WH/M-L,89.99,USD
E1513WH/L-XL,89.99,USD
E1599BK,17.99,USD
E2009/2,59.99,USD
E2009/3,59.99,USD
E2009/4,59.99,USD
E2009/5,59.99,USD
E2010BK/2,55.99,USD
E2010BK/3,55.99,USD
E2010BK/4,55.99,USD
E2010BK/5,55.99,USD
E2010BK/6,55.99,USD
E2013BK/3,84.99,USD
E2013BK/4,84.99,USD
E2013BK/5,84.99,USD
E2013BK/6,84.99,USD
E2013BK/7,84.99,USD
E3013/3,22.99,USD
E3013/4,22.99,USD
E3013/5,22.99,USD
E3013/6,22.99,USD
E3013UM/3,22.99,USD
E3013UM/4,22.99,USD
E3015/3,25.99,USD
E3015/4,25.99,USD
E3015/5,25.99,USD
E3015/7,25.99,USD
E3022/4,84.99,USD
E3022/5,84.99,USD
E3022/6,84.99,USD
E3022/7,84.99,USD
E3025/3,34.99,USD
E3025/4,34.99,USD
E3025/5,34.99,USD
E3025/6,34.99,USD
E3025/7,34.99,USD
E3029/3,49.99,USD
E3029/4,49.99,USD
E3029/5,49.99,USD
E3029/6,49.99,USD
E3029/7,49.99,USD
E3029OR/3,49.99,USD
E3029OR/4,49.99,USD
E3029OR/5,49.99,USD
E3029OR/6,49.99,USD
E3029OR/7,49.99,USD
E3029UM/6,49.99,USD
E3032/3,47.99,USD
E3032/5,47.99,USD
E3032/6,47.99,USD
E3032/7,47.99,USD
E3036W/3,32.39,USD
E3050Y/5,27.49,USD
E3050Y/6,27.49,USD
E3050Y/7,27.49,USD
E3051W/3,55.24,USD
E3051W/5,55.24,USD
E3054BK/2,67.99,USD
E3054BK/3,67.99,USD
E3054BK/4,67.99,USD
E3054BK/5,67.99,USD
E3054PU/2,67.99,USD
E3054PU/3,67.99,USD
E3054PU/4,67.99,USD
E3054PU/5,67.99,USD
E3057BK/2,41.24,USD
E3057BK/6,41.24,USD
E3057YV/3,41.24,USD
E3057YV/7,41.24,USD
E3061W/2,22.99,USD
E3061W/3,22.99,USD
E3061W/4,22.99,USD
E3061W/5,22.99,USD
E3061W/6,22.99,USD
E3061W/7,22.99,USD
E3063W/2,27.99,USD
E3063W/3,27.99,USD
E3063W/4,27.99,USD
E3063W/5,27.99,USD
E3063W/6,27.99,USD
E3063W/7,27.99,USD
E3064BK/3,35.74,USD
E3064WH/3,35.74,USD
E3064WH/4,35.74,USD
E3064WH/5,35.74,USD
E3064WH/6,35.74,USD
E3064WH/7,35.74,USD
E3065R/3,47.99,USD
E3065R/4,47.99,USD
E3066R/4,19.24,USD
E3066R/5,19.24,USD
E3066R/6,19.24,USD
E3066W/5,19.24,USD
E3066W/6,19.24,USD
E3066W/7,19.24,USD
E3067BK/3,42.99,USD
E3067BK/4,42.99,USD
E3067BK/5,42.99,USD
E3067BK/6,42.99,USD
E3067R/3,42.99,USD
E3067R/4,42.99,USD
E3067R/6,42.99,USD
E3067R/7,42.99,USD
E3068BK/4,51.09,USD
E3068GV/4,51.09,USD
E3068R/3,51.09,USD
E3069BK/3,114.99,USD
E3069BK/4,114.99,USD
E3069BK/5,114.99,USD
E3069BK/6,114.99,USD
E3069BK/7,114.99,USD
E3069OV/4,114.99,USD
E3069OV/5,114.99,USD
E3069OV/6,114.99,USD
E3069OV/7,114.99,USD
E3070WH/S-M,29.99,USD
E3070WH/L-XL,29.99,USD
E3072BK/3,37.99,USD
E3072BK/4,37.99,USD
E3072BK/5,37.99,USD
E3072BK/6,37.99,USD
E3072BK/7,37.99,USD
E3073BK/3,69.99,USD
E3073BK/4,69.99,USD
E3073BK/5,69.99,USD
E3073BK/6,69.99,USD
E3075WH/3,69.99,USD
E3075WH/4,69.99,USD
E3075WH/5,69.99,USD
E3075WH/6,69.99,USD
E3075WH/7,69.99,USD
E3076GN/3,21.99,USD
E3076GN/4,21.99,USD
E3077GN/3,22.39,USD
E3077GN/6,22.39,USD
E3077UM/6,22.39,USD
E3078BK/3,32.99,USD
E3078BK/4,32.99,USD
E3078BK/5,32.99,USD
E3078BK/6,32.99,USD
E3078BK/7,32.99,USD
E3079BK/4,27.99,USD
E3079BK/6,27.99,USD
E3079BK/7,27.99,USD
E3080BK/3,69.99,USD
E3080BK/4,69.99,USD
E3080BK/5,69.99,USD
E3080BK/6,69.99,USD
E3080BK/7,69.99,USD
E3081BK/4,77.99,USD
E3081BK/5,77.99,USD
E3081BK/6,77.99,USD
E3081RD/4,77.99,USD
E3084RD/3,34.99,USD
E3084RD/4,34.99,USD
E3084RD/5,34.99,USD
E3084RD/6,34.99,USD
E3084RD/7,34.99,USD
E3084UM/3,34.99,USD
E3084UM/4,34.99,USD
E3084UM/5,34.99,USD
E3084UM/6,34.99,USD
E3084UM/7,34.99,USD
E3085BK/2,28.79,USD
E3085KG/3,28.79,USD
E3085KG/4,28.79,USD
E3085KG/6,28.79,USD
E3085RD/2,28.79,USD
E3085RD/3,28.79,USD
E3085RD/4,28.79,USD
E3085RD/7,28.79,USD
E3085RD/8,28.79,USD
E3085UM/3,28.79,USD
E3085WH/3,28.79,USD
E3085WH/5,28.79,USD
E3085WH/6,28.79,USD
E3089BK/3,47.99,USD
E3089RD/3,27.99,USD
E3089RD/4,27.99,USD
E3091BK/3,47.99,USD
E3091BK/4,47.99,USD
E3091BK/5,47.99,USD
E3091BK/6,47.99,USD
E3091BK/7,47.99,USD
E3094BK/7,112.49,USD
E3094GV/4,112.49,USD
E3094GV/6,112.49,USD
E3096BK/4,59.99,USD
E3096BK/5,59.99,USD
E3096BK/6,59.99,USD
E3096BK/7,59.99,USD
E3097BK/3,47.99,USD
E3097BK/4,47.99,USD
E3097BK/5,47.99,USD
E3097BK/6,47.99,USD
E3097OC/3,47.99,USD
E3097OC/4,47.99,USD
E3097OC/5,47.99,USD
E3097OC/6,47.99,USD
E3097OC/7,47.99,USD
E3099NA/3,57.99,USD
E3099NA/4,57.99,USD
E3099NA/5,57.99,USD
E3099NA/6,57.99,USD
E3099NA/7,57.99,USD
E3100WH/3,51.99,USD
E3100WH/4,51.99,USD
E3100WH/5,51.99,USD
E3100WH/6,51.99,USD
E3100WH/7,51.99,USD
E3101BK/3,59.99,USD
E3101BK/4,59.99,USD
E3101BK/5,59.99,USD
E3101BK/6,59.99,USD
E3101BK/7,59.99,USD
E3101RD/3,59.99,USD
E3101RD/4,59.99,USD
E3101RD/5,59.99,USD
E3101RD/6,59.99,USD
E3101RD/7,59.99,USD
E3102GV/2,49.99,USD
E3102RD/2,49.99,USD
E3102WH/2,49.99,USD
E3103BK/3,69.99,USD
E3103BK/4,69.99,USD
E3103BK/5,69.99,USD
E3103BK/6,69.99,USD
E3103BK/7,69.99,USD
E3104RD/3,42.99,USD
E3104RD/4,42.99,USD
E3104RD/5,42.99,USD
E3104RD/6,42.99,USD
E3104RD/7,42.99,USD
E3104YV/4,42.99,USD
E3104YV/5,42.99,USD
E3104YV/6,42.99,USD
E3106RD/3,22.99,USD
E3106RD/4,22.99,USD
E3106RD/5,22.99,USD
E3106RD/6,22.99,USD
E3106RD/7,22.99,USD
E3107BK/2,59.99,USD
E3107BK/3,59.99,USD
E3107BK/4,59.99,USD
E3107BK/5,59.99,USD
E3107BK/6,59.99,USD
E3107OC/3,59.99,USD
E3107OC/4,59.99,USD
E3107OC/5,59.99,USD
E3107OC/6,59.99,USD
E3107RD/3,56.24,USD
E3107RD/4,56.24,USD
E3107RD/5,56.24,USD
E3107RD/6,56.24,USD
E3108BK/3,84.99,USD
E3108BK/4,84.99,USD
E3108BK/5,84.99,USD
E3108BK/6,84.99,USD
E3108BK/7,84.99,USD
E3108GV/3,84.99,USD
E3108GV/4,84.99,USD
E3108GV/5,84.99,USD
E3108GV/6,84.99,USD
E3108GV/7,84.99,USD
E3108OC/3,84.99,USD
E3108OC/4,84.99,USD
E3108OC/5,84.99,USD
E3108OC/6,84.99,USD
E3108OC/7,84.99,USD
E3108RD/3,84.99,USD
E3108RD/4,84.99,USD
E3108RD/5,84.99,USD
E3108RD/6,84.99,USD
E3108RD/7,84.99,USD
E3109BK/2,45.99,USD
E3109BK/3,45.99,USD
E3109BK/4,45.99,USD
E3109BK/5,45.99,USD
E3109BK/6,45.99,USD
E3109BK/7,45.99,USD
E3109OC/2,45.99,USD
E3109OC/3,45.99,USD
E3109OC/4,45.99,USD
E3109OC/5,45.99,USD
E3109OC/6,45.99,USD
E3109OC/7,45.99,USD
E3109RD/2,45.99,USD
E3109RD/3,45.99,USD
E3109RD/4,45.99,USD
E3109RD/5,45.99,USD
E3109RD/6,45.99,USD
E3109RD/7,45.99,USD
E3109YV/3,45.99,USD
E3109YV/4,45.99,USD
E3109YV/5,45.99,USD
E3109YV/6,45.99,USD
E3109YV/7,45.99,USD
E3110NA/5,99.99,USD
E3113BK/3,139.99,USD
E3113BK/4,139.99,USD
E3113BK/5,139.99,USD
E3113BK/6,139.99,USD
E3113BK/7,139.99,USD
E3114BK/3,159.99,USD
E3114BK/4,159.99,USD
E3114BK/5,159.99,USD
E3114BK/6,159.99,USD
E3114BK/7,159.99,USD
E3115BK/3,159.99,USD
E3115BK/4,159.99,USD
E3115BK/5,159.99,USD
E3115BK/6,159.99,USD
E3115BK/7,159.99,USD
E3116BK/3,159.99,USD
E3116BK/4,159.99,USD
E3116BK/5,159.99,USD
E3116BK/6,159.99,USD
E3116BK/7,159.99,USD
E3119BK/3,84.99,USD
E3119BK/4,84.99,USD
E3119BK/5,84.99,USD
E3119BK/6,84.99,USD
E3119BK/7,84.99,USD
E3119NA/3,84.99,USD
E3119NA/4,84.99,USD
E3119NA/5,84.99,USD
E3119NA/6,84.99,USD
E3119NA/7,84.99,USD
E3120BK/3,74.99,USD
E3120BK/4,74.99,USD
E3120BK/5,74.99,USD
E3120BK/6,74.99,USD
E3120BK/7,74.99,USD
E3120WH/3,74.99,USD
E3120WH/4,74.99,USD
E3120WH/5,74.99,USD
E3120WH/6,74.99,USD
E3120WH/7,74.99,USD
E3123BK/3,47.99,USD
E3123BK/4,47.99,USD
E3123BK/5,47.99,USD
E3123BK/6,47.99,USD
E3123BK/7,47.99,USD
E3123KH/3,47.99,USD
E3123KH/4,47.99,USD
E3123KH/5,47.99,USD
E3123KH/6,47.99,USD
E3123KH/7,47.99,USD
E3125BK/3,39.99,USD
E3125BK/4,39.99,USD
E3125BK/5,39.99,USD
E3125BK/6,39.99,USD
E3125BK/7,39.99,USD
E3125KH/3,39.99,USD
E3125KH/4,39.99,USD
E3125RD/3,39.99,USD
E3125RD/4,39.99,USD
E3125RD/5,39.99,USD
E3125RD/6,39.99,USD
E3125RD/7,39.99,USD
E3125RD/8,39.99,USD
E3132BK/5,74.99,USD
E3132BV/3,74.99,USD
E3132BV/4,74.99,USD
E3132BV/5,74.99,USD
E3132BV/6,74.99,USD
E3132BV/7,74.99,USD
E3132MY/2,74.99,USD
E3132MY/4,74.99,USD
E3132MY/5,74.99,USD
E3132MY/6,74.99,USD
E3132MY/7,74.99,USD
E3132NA/2,74.99,USD
E3132NA/3,74.99,USD
E3132NA/4,74.99,USD
E3132NA/5,74.99,USD
E3132NA/6,74.99,USD
E3132NA/7,74.99,USD
E3132RD/2,74.99,USD
E3132RD/3,74.99,USD
E3132RD/4,74.99,USD
E3132RD/5,74.99,USD
E3132RD/6,74.99,USD
E3132RD/7,74.99,USD
E3133GY/2,64.99,USD
E3133GY/3,64.99,USD
E3133GY/4,64.99,USD
E3133GY/5,64.99,USD
E3133GY/6,64.99,USD
E3133GY/7,64.99,USD
E3134BK/3,59.99,USD
E3134BK/4,59.99,USD
E3134BK/5,59.99,USD
E3134BK/6,59.99,USD
E3134BK/7,59.99,USD
E3134GV/3,59.99,USD
E3134GV/4,59.99,USD
E3134GV/5,59.99,USD
E3134GV/6,59.99,USD
E3134GV/7,59.99,USD
E3134RD/3,59.99,USD
E3134RD/4,59.99,USD
E3134RD/5,59.99,USD
E3134RD/6,59.99,USD
E3134RD/7,59.99,USD
E3135BK/3,149.99,USD
E3135BK/4,149.99,USD
E3135BK/5,149.99,USD
E3135BK/6,149.99,USD
E3135BK/7,149.99,USD
E3135NA/4,149.99,USD
E3135NA/5,149.99,USD
E3135NA/6,149.99,USD
E3135NA/7,149.99,USD
E3136BK/4,37.99,USD
E3136BK/5,37.99,USD
E3136BK/6,37.99,USD
E3136PT/5,37.99,USD
E3138GY/3,34.99,USD
E3138GY/4,34.99,USD
E3138GY/5,34.99,USD
E3138GY/6,34.99,USD
E3138GY/7,34.99,USD
E3138PT/3,34.99,USD
E3138PT/4,34.99,USD
E3138PT/5,34.99,USD
E3138PT/6,34.99,USD
E3138PT/7,34.99,USD
E3139BK/3,49.99,USD
E3139BK/4,49.99,USD
E3139BK/5,49.99,USD
E3139BK/6,49.99,USD
E3139BK/7,49.99,USD
E3139RD/3,49.99,USD
E3139RD/4,49.99,USD
E3139RD/5,49.99,USD
E3139RD/6,49.99,USD
E3139RD/7,49.99,USD
E3140BK/3,42.99,USD
E3140BK/4,42.99,USD
E3140BK/5,42.99,USD
E3140BK/6,42.99,USD
E3140BK/7,42.99,USD
E3140OC/3,42.99,USD
E3140OC/5,42.99,USD
E3140OC/6,42.99,USD
E3140RD/3,42.99,USD
E3140RD/4,42.99,USD
E3140RD/5,42.99,USD
E3141BK/2,74.99,USD
E3141BK/6,74.99,USD
E3141BK/7,74.99,USD
E3141MY/2,74.99,USD
E3141MY/3,74.99,USD
E3141MY/4,74.99,USD
E3141MY/5,74.99,USD
E3141MY/6,74.99,USD
E3141MY/7,74.99,USD
E3142BK/3,59.99,USD
E3142BK/4,59.99,USD
E3142BK/5,59.99,USD
E3142BK/6,59.99,USD
E3142BK/7,59.99,USD
E3142GV/3,59.99,USD
E3142GV/4,59.99,USD
E3142GV/5,59.99,USD
E3142GV/6,59.99,USD
E3142GV/7,59.99,USD
E3142RD/3,59.99,USD
E3142RD/4,59.99,USD
E3142RD/5,59.99,USD
E3142RD/6,59.99,USD
E3142RD/7,59.99,USD
E3143AN/2,64.99,USD
E3143AN/5,64.99,USD
E3143AN/6,64.99,USD
E3144KH/3,34.99,USD
E3144KH/4,34.99,USD
E3144KH/5,34.99,USD
E3144KH/6,34.99,USD
E3144KH/7,34.99,USD
E3144NA/3,34.99,USD
E3144NA/4,34.99,USD
E3144NA/5,34.99,USD
E3144NA/6,34.99,USD
E3144NA/7,34.99,USD
E3145NA/5,69.99,USD
E3145NA/6,69.99,USD
E3146BK/4,69.99,USD
E3146BK/5,69.99,USD
E3149RD/5,37.99,USD
E3149RD/6,37.99,USD
E3151GY/6,22.99,USD
E3151NA/3,22.99,USD
E3151NA/4,22.99,USD
E3151NA/5,22.99,USD
E3151NA/6,22.99,USD
E3151NA/7,22.99,USD
E3152AN/3,24.99,USD
E3152AN/4,24.99,USD
E3152AN/5,24.99,USD
E3152AN/6,24.99,USD
E3152AN/7,24.99,USD
E3153MY/3,18.99,USD
E3153MY/4,18.99,USD
E3153MY/5,18.99,USD
E3153MY/6,18.99,USD
E3153MY/7,18.99,USD
E3154BU/3,18.99,USD
E3154BU/4,18.99,USD
E3154BU/5,18.99,USD
E3154BU/6,18.99,USD
E3154BU/7,18.99,USD
E3154GY/3,18.99,USD
E3154GY/4,18.99,USD
E3154GY/5,18.99,USD
E3154GY/6,18.99,USD
E3154GY/7,18.99,USD
E3155GY/3,34.99,USD
E3155GY/4,34.99,USD
E3155GY/5,34.99,USD
E3155GY/6,34.99,USD
E3155GY/7,34.99,USD
E3156BU/3,54.99,USD
E3156BU/4,54.99,USD
E3156BU/5,54.99,USD
E3156BU/6,54.99,USD
E3156BU/7,54.99,USD
E4013BK/3,44.99,USD
E4013BK/4,44.99,USD
E4013BK/5,44.99,USD
E4013BK/6,44.99,USD
E4013BK/7,44.99,USD
E4014BK/3,54.99,USD
E4014BK/4,54.99,USD
E4014BK/5,54.99,USD
E4014BK/6,54.99,USD
E4014BK/7,54.99,USD
E4014BK/8,54.99,USD
E4014RD/3,54.99,USD
E4014RD/4,54.99,USD
E4014RD/5,54.99,USD
E4014RD/6,54.99,USD
E4014RD/7,54.99,USD
E4015BK/3,49.99,USD
E4015BK/4,49.99,USD
E4015BK/6,49.99,USD
E4015BK/7,49.99,USD
E4018BK/2,39.99,USD
E4018BK/6,39.99,USD
E4027BK/3,29.99,USD
E4027BK/4,29.99,USD
E4027BK/5,29.99,USD
E4027BK/6,29.99,USD
E4027BK/7,29.99,USD
E4028BK/2,59.99,USD
E4028BK/3,59.99,USD
E4028BK/4,59.99,USD
E4028BK/5,59.99,USD
E4028BK/6,59.99,USD
E4028BK/7,59.99,USD
E4029BK/3,69.99,USD
E4029BK/4,69.99,USD
E4029BK/5,69.99,USD
E4029BK/6,69.99,USD
E4029BK/7,69.99,USD
E4029RD/3,69.99,USD
E4029RD/4,69.99,USD
E4029RD/5,69.99,USD
E4029RD/6,69.99,USD
E4029RD/7,69.99,USD
E4030BK/2,119.99,USD
E4030BK/3,119.99,USD
E4030BK/4,119.99,USD
E4030BK/5,119.99,USD
E4030BK/6,119.99,USD
E4030BK/7,119.99,USD
E4031BK/2,119.99,USD
E4031BK/3,119.99,USD
E4031BK/4,119.99,USD
E4031BK/5,119.99,USD
E4031BK/6,119.99,USD
E4031BK/7,119.99,USD
E4032BK/2,119.99,USD
E4032BK/3,119.99,USD
E4032BK/4,119.99,USD
E4032BK/5,119.99,USD
E4032BK/6,119.99,USD
E4032BK/7,119.99,USD
E4033BK/3,119.99,USD
E4033BK/4,119.99,USD
E4033BK/5,119.99,USD
E4033BK/6,119.99,USD
E4033BK/7,119.99,USD
E4034BK/3,119.99,USD
E4034BK/4,119.99,USD
E4034BK/5,119.99,USD
E4034BK/6,119.99,USD
E4034BK/7,119.99,USD
E4035BK/3,119.99,USD
E4035BK/4,119.99,USD
E4035BK/5,119.99,USD
E4035BK/6,119.99,USD
E4035BK/7,119.99,USD
E4041BK/3,84.99,USD
E4041BK/4,84.99,USD
E4041BK/5,84.99,USD
E4041BK/6,84.99,USD
E4041BK/7,84.99,USD
E4042BK/2,119.99,USD
E4042BK/3,119.99,USD
E4042BK/4,119.99,USD
E4042BK/5,119.99,USD
E4042BK/6,119.99,USD
E4042BK/7,119.99,USD
E4043BK/3,119.99,USD
E4043BK/4,119.99,USD
E4043BK/5,119.99,USD
E4043BK/6,119.99,USD
E4043BK/7,119.99,USD
E4044BK/3,119.99,USD
E4044BK/4,119.99,USD
E4044BK/5,119.99,USD
E4044BK/6,119.99,USD
E4044BK/7,119.99,USD
E4045NA/4,84.99,USD
E4045NA/5,84.99,USD
E4045NA/6,84.99,USD
E4047WH/4,84.99,USD
E4047WH/5,84.99,USD
E4047WH/6,84.99,USD
E4047WH/7,84.99,USD
E5012/4,104.99,USD
E5012/5,104.99,USD
E5012/7,104.99,USD
E5019/3,72.99,USD
E5019/4,72.99,USD
E5019/5,72.99,USD
E5019/6,72.99,USD
E5019/7,72.99,USD
E5019P/3,79.99,USD
E5019P/4,79.99,USD
E5019P/5,79.99,USD
E5019P/6,79.99,USD
E5019P/7,79.99,USD
E5021BK/3,67.49,USD
E5021BK/4,67.49,USD
E5021BK/5,67.49,USD
E5021BK/6,67.49,USD
E5022BK/3,114.99,USD
E5022BK/4,114.99,USD
E5022BK/5,114.99,USD
E5022BK/6,114.99,USD
E5022BK/7,114.99,USD
E5023BK/3,55.99,USD
E5023BK/4,55.99,USD
E5023BK/5,55.99,USD
E5023BK/6,55.99,USD
E5023BK/7,55.99,USD
E5024BK/3,77.99,USD
E5024BK/4,77.99,USD
E5024BK/5,77.99,USD
E5024BK/6,77.99,USD
E5024BK/7,77.99,USD
E5027BK/4,95.99,USD
E5028BK/2,329.99,USD
E5028BK/3,329.99,USD
E5028BK/4,329.99,USD
E5028BK/5,329.99,USD
E5028BK/6,329.99,USD
E5029BK/2,329.99,USD
E5029BK/3,329.99,USD
E5029BK/4,329.99,USD
E5029BK/5,329.99,USD
E5032BK/2,289.99,USD
E5032BK/3,289.99,USD
E5032BK/4,289.99,USD
E5032BK/5,289.99,USD
E5032BK/6,289.99,USD
E5032WH/4,289.99,USD
E5033BK/2,289.99,USD
E5033BK/3,289.99,USD
E5033BK/4,289.99,USD
E5033BK/5,289.99,USD
E5034BK/2,169.99,USD
E5034BK/3,169.99,USD
E5034BK/4,169.99,USD
E5034BK/5,169.99,USD
E5034BK/6,169.99,USD
E5035BK/2,169.99,USD
E5035BK/3,169.99,USD
E5035BK/4,169.99,USD
E5035BK/5,169.99,USD
E5036BK/2,109.99,USD
E5036BK/3,109.99,USD
E5036BK/4,109.99,USD
E5036BK/5,109.99,USD
E5036BK/6,109.99,USD
E5037BK/2,109.99,USD
E5037BK/3,109.99,USD
E5037BK/4,109.99,USD
E5037BK/5,109.99,USD
E5038BK/2,119.99,USD
E5038BK/3,119.99,USD
E5038BK/4,119.99,USD
E5038BK/5,119.99,USD
E5038BK/6,119.99,USD
E5039BK/2,119.99,USD
E5039BK/3,119.99,USD
E5039BK/4,119.99,USD
E5039BK/5,119.99,USD
E5042BK/6,429.99,USD
E5042BK/7,429.99,USD
E5043BK/3,329.99,USD
E5043BK/4,329.99,USD
E5043BK/5,329.99,USD
E5043BK/6,329.99,USD
E5043BK/7,329.99,USD
E5044BK/2,179.99,USD
E5044BK/3,179.99,USD
E5044BK/4,179.99,USD
E5044BK/5,179.99,USD
E5044BK/6,179.99,USD
E5044BK/7,179.99,USD
E5045OC/2,389.99,USD
E5045OC/3,389.99,USD
E5045OC/4,389.99,USD
E5045OC/5,389.99,USD
E5045OC/6,389.99,USD
E5045YV/2,389.99,USD
E5045YV/3,389.99,USD
E5045YV/4,389.99,USD
E5045YV/5,389.99,USD
E5045YV/6,389.99,USD
E5046BK/2,149.99,USD
E5046BK/3,149.99,USD
E5046BK/4,149.99,USD
E5046BK/5,149.99,USD
E5046BK/6,149.99,USD
E5046BK/7,149.99,USD
E5049BK/3,99.99,USD
E5049BK/4,99.99,USD
E5049BK/5,99.99,USD
E5049BK/6,99.99,USD
E5049BK/7,99.99,USD
E5050BK/3,89.99,USD
E5050BK/4,89.99,USD
E5050BK/5,89.99,USD
E5050BK/6,89.99,USD
E5050BK/7,89.99,USD
E5051BK/2,179.99,USD
E5051BK/4,179.99,USD
E5051BK/5,179.99,USD
E5051BK/6,179.99,USD
E5052BK/3,179.99,USD
E5052BK/4,179.99,USD
E5052BK/5,179.99,USD
E5052BK/6,179.99,USD
E5052BK/7,179.99,USD
E5053BK/4,179.99,USD
E5053BK/5,179.99,USD
E5053BK/6,179.99,USD
E5054BK/2,129.99,USD
E5054BK/3,129.99,USD
E5054BK/4,129.99,USD
E5054BK/5,129.99,USD
E5054BK/6,129.99,USD
E5054BK/7,129.99,USD
E6020/2,72.99,USD
E6020/3,72.99,USD
E6020/4,72.99,USD
E6020/5,72.99,USD
E6020P/2,79.99,USD
E6020P/3,79.99,USD
E6020P/4,79.99,USD
E6020P/5,79.99,USD
E6032/2,49.99,USD
E6032/3,49.99,USD
E6032/4,49.99,USD
E6032/5,49.99,USD
E6032/6,49.99,USD
E6035BU/3,9.17,USD
E6035BU/4,9.17,USD
E6035BU/5,9.17,USD
E6035R/5,9.17,USD
E6036/5,26.39,USD
E6037/2,31.99,USD
E6037/6,31.99,USD
E6039/2,39.99,USD
E6039/3,39.99,USD
E6039/4,39.99,USD
E6039/5,39.99,USD
E6039/6,39.99,USD
E6039PU/2,39.99,USD
E6039PU/3,39.99,USD
E6039PU/4,39.99,USD
E6039PU/5,39.99,USD
E6039PU/6,39.99,USD
E6039W/2,39.99,USD
E6039W/3,39.99,USD
E6039W/4,39.99,USD
E6039W/5,39.99,USD
E6039W/6,39.99,USD
E6040BK/2,32.99,USD
E6040BK/3,32.99,USD
E6040BK/4,32.99,USD
E6040BK/5,32.99,USD
E6040YV/2,32.99,USD
E6040YV/3,32.99,USD
E6040YV/4,32.99,USD
E6040YV/5,32.99,USD
E6042BK/2,16.49,USD
E6042BK/3,16.49,USD
E6042BK/5,16.49,USD
E6042W/2,16.49,USD
E6042W/3,16.49,USD
E6043BK/3,12.11,USD
E6043BK/4,12.11,USD
E6047BK/2,69.99,USD
E6047BK/5,69.99,USD
E6047BK/6,69.99,USD
E6050PU/2,23.09,USD
E6050PU/4,23.09,USD
E6050PU/5,23.09,USD
E6050UM/2,23.09,USD
E6050UM/3,23.09,USD
E6051BK/2,27.49,USD
E6051BK/3,27.49,USD
E6051BK/5,27.49,USD
E6051BK/6,27.49,USD
E6051R/2,27.49,USD
E6051R/3,27.49,USD
E6051R/4,27.49,USD
E6051R/5,27.49,USD
E6051R/6,27.49,USD
E6051W/2,27.49,USD
E6051W/3,27.49,USD
E6051W/4,27.49,USD
E6051W/5,27.49,USD
E6051W/6,27.49,USD
E6060BK/2,89.99,USD
E6060BK/3,89.99,USD
E6060BK/4,89.99,USD
E6060BK/5,89.99,USD
E6061LL/2,42.99,USD
E6061LL/3,42.99,USD
E6061LL/4,42.99,USD
E6061LL/5,42.99,USD
E6061LL/6,42.99,USD
E6061MG/3,19.24,USD
E6061MG/4,19.24,USD
E6061MG/5,19.24,USD
E6061PV/1,42.99,USD
E6061PV/2,42.99,USD
E6061PV/3,42.99,USD
E6061PV/4,42.99,USD
E6061PV/5,42.99,USD
E6061PV/6,42.99,USD
E6061UM/2,42.99,USD
E6061UM/3,42.99,USD
E6061UM/4,42.99,USD
E6061UM/5,42.99,USD
E6061UM/6,42.99,USD
E6062BK/2,35.99,USD
E6062BK/3,35.99,USD
E6062BK/5,35.99,USD
E6062TL/2,34.49,USD
E6062TL/3,34.49,USD
E6062TL/4,34.49,USD
E6062TL/5,34.49,USD
E6062TL/6,34.49,USD
E6062WH/2,34.49,USD
E6062WH/3,34.49,USD
E6062WH/5,34.49,USD
E6062WH/6,34.49,USD
E6064BK/2,37.99,USD
E6064BK/3,37.99,USD
E6064BK/4,37.99,USD
E6064BK/5,37.99,USD
E6065BK/2,29.99,USD
E6065BK/3,29.99,USD
E6065BK/4,29.99,USD
E6065BK/5,29.99,USD
E6065UM/2,29.99,USD
E6065UM/3,29.99,USD
E6065UM/4,29.99,USD
E6065UM/5,29.99,USD
E6066BK/2,59.99,USD
E6066BK/3,59.99,USD
E6066BK/4,59.99,USD
E6067BK/2,39.99,USD
E6067BK/3,39.99,USD
E6067BK/4,39.99,USD
E6067BK/5,39.99,USD
E6067PV/2,39.99,USD
E6067PV/3,39.99,USD
E6067PV/4,39.99,USD
E6067PV/5,39.99,USD
E6068WH/4,23.09,USD
E6068WH/5,23.09,USD
E6069BK/2,16.99,USD
E6069BK/3,16.99,USD
E6069BK/4,16.99,USD
E6069BK/5,16.99,USD
E6069BK/6,16.99,USD
E6069PU/2,16.99,USD
E6069PU/3,16.99,USD
E6069PU/5,16.99,USD
E6069PV/2,16.99,USD
E6069PV/3,16.99,USD
E6069PV/5,16.99,USD
E6069UM/2,13.59,USD
E6069UM/5,13.59,USD
E6070PK/2,24.99,USD
E6070PK/3,24.99,USD
E6070PK/4,24.99,USD
E6070PK/5,24.99,USD
E6070TL/2,24.99,USD
E6070TL/3,24.99,USD
E6070TL/4,24.99,USD
E6070TL/5,24.99,USD
E6070WH/2,24.99,USD
E6070WH/3,24.99,USD
E6070WH/4,24.99,USD
E6071RD/2,34.99,USD
E6071RD/3,34.99,USD
E6071RD/4,34.99,USD
E6071RD/5,34.99,USD
E6071WH/2,34.99,USD
E6071WH/3,34.99,USD
E6071WH/4,34.99,USD
E6071WH/5,34.99,USD
E6071WH/6,34.99,USD
E6072RD/2,51.09,USD
E6072RD/3,51.09,USD
E6073BK/2,19.99,USD
E6073BK/3,19.99,USD
E6073BK/4,19.99,USD
E6073BK/5,19.99,USD
E6073WH/2,18.74,USD
E6073WH/3,18.74,USD
E6073WH/4,18.74,USD
E6073WH/5,18.74,USD
E6074CE/2,34.99,USD
E6074CE/3,34.99,USD
E6074CE/4,34.99,USD
E6074CE/5,34.99,USD
E6074CE/6,34.99,USD
E6074CR/2,15.39,USD
E6074CR/3,15.39,USD
E6074CR/4,15.39,USD
E6074CR/5,15.39,USD
E6074TL/2,34.99,USD
E6074TL/3,34.99,USD
E6074TL/4,34.99,USD
E6074TL/5,34.99,USD
E6074TL/6,34.99,USD
E6074WH/5,29.99,USD
E6074WH/6,29.99,USD
E6077RD/2,77.99,USD
E6077RD/3,77.99,USD
E6077RD/4,77.99,USD
E6077RD/5,77.99,USD
E6077WH/2,77.99,USD
E6077WH/3,77.99,USD
E6077WH/4,77.99,USD
E6077WH/5,77.99,USD
E6078BK/2,79.99,USD
E6078BK/3,79.99,USD
E6078BK/4,79.99,USD
E6078BK/5,79.99,USD
E6079PU/2,17.49,USD
E6079PU/3,17.49,USD
E6079PU/5,17.49,USD
E6079UM/2,17.49,USD
E6079UM/3,17.49,USD
E6079UM/4,17.49,USD
E6080RD/2,19.49,USD
E6080RD/3,19.49,USD
E6080RD/4,19.49,USD
E6080RD/5,19.49,USD
E6080TL/2,19.49,USD
E6080TL/3,19.49,USD
E6086BK/2,119.99,USD
E6086BK/3,119.99,USD
E6086BK/4,119.99,USD
E6086BK/5,119.99,USD
E6087RD/3,27.99,USD
E6090CE/1,49.99,USD
E6090CE/2,49.99,USD
E6090CE/3,49.99,USD
E6090CE/4,49.99,USD
E6090CE/5,49.99,USD
E6090TU/3,38.69,USD
E6090TU/4,38.69,USD
E6090TU/5,38.69,USD
E6090WH/1,49.99,USD
E6090WH/2,49.99,USD
E6090WH/3,49.99,USD
E6090WH/4,49.99,USD
E6090WH/5,49.99,USD
E6091BK/1,44.99,USD
E6091BK/2,44.99,USD
E6091BK/3,44.99,USD
E6091BK/4,44.99,USD
E6091BK/5,44.99,USD
E6091BK/6,44.99,USD
E6091BK/7,44.99,USD
E6092BK/2,124.99,USD
E6092BK/3,124.99,USD
E6092BK/4,124.99,USD
E6092BK/5,124.99,USD
E6093BK/2,124.99,USD
E6093BK/3,124.99,USD
E6093BK/4,124.99,USD
E6093BK/5,124.99,USD
E6094BK/2,124.99,USD
E6094BK/3,124.99,USD
E6094BK/4,124.99,USD
E6094BK/5,124.99,USD
E6096BK/1,69.99,USD
E6096BK/2,69.99,USD
E6096BK/3,69.99,USD
E6096BK/4,69.99,USD
E6096BK/5,69.99,USD
E6097BK/1,59.99,USD
E6097BK/2,59.99,USD
E6097BK/3,59.99,USD
E6097BK/4,59.99,USD
E6097BK/5,59.99,USD
E6098BK/3,99.99,USD
E6098BK/4,99.99,USD
E6098BK/5,99.99,USD
E6100BK/2,84.99,USD
E6100BK/3,84.99,USD
E6100BK/4,84.99,USD
E6100BK/5,84.99,USD
E6100RD/2,84.99,USD
E6100RD/3,84.99,USD
E6100RD/4,84.99,USD
E6100RD/5,84.99,USD
E6100TU/2,84.99,USD
E6100TU/3,84.99,USD
E6100TU/4,84.99,USD
E6100TU/5,84.99,USD
E6101BK/2,74.99,USD
E6101BK/3,74.99,USD
E6101BK/4,74.99,USD
E6101BK/5,74.99,USD
E6101TU/2,74.99,USD
E6101TU/3,74.99,USD
E6101TU/4,74.99,USD
E6101TU/5,74.99,USD
E6102BK/2,64.99,USD
E6102BK/3,64.99,USD
E6102BK/4,64.99,USD
E6102BK/5,64.99,USD
E6102TU/2,64.99,USD
E6102TU/3,64.99,USD
E6102TU/4,64.99,USD
E6102TU/5,64.99,USD
E6104BK/2,45.99,USD
E6104BK/3,45.99,USD
E6104BK/4,45.99,USD
E6104BK/5,45.99,USD
E6104BK/6,45.99,USD
E6104CE/2,45.99,USD
E6104CE/3,45.99,USD
E6104CE/4,45.99,USD
E6104CE/5,45.99,USD
E6104CE/6,45.99,USD
E6104CO/2,45.99,USD
E6104CO/3,45.99,USD
E6104CO/4,45.99,USD
E6104CO/5,45.99,USD
E6104CO/6,45.99,USD
E6105CE/2,35.99,USD
E6105CE/3,35.99,USD
E6105CE/4,35.99,USD
E6105CE/5,35.99,USD
E6105CE/6,35.99,USD
E6105WH/2,35.99,USD
E6105WH/3,35.99,USD
E6105WH/5,35.99,USD
E6105WH/6,35.99,USD
E6106BK/1,59.99,USD
E6106BK/2,59.99,USD
E6106BK/3,59.99,USD
E6106BK/4,59.99,USD
E6106BK/5,59.99,USD
E6106BK/6,59.99,USD
E6106PU/2,59.99,USD
E6106PU/3,59.99,USD
E6106PU/4,59.99,USD
E6106PU/5,59.99,USD
E6107BK/2,65.99,USD
E6107BK/4,65.99,USD
E6107BK/5,65.99,USD
E6108BK/2,62.99,USD
E6108BK/3,62.99,USD
E6108BK/6,62.99,USD
E6108TL/2,62.99,USD
E6108TL/3,62.99,USD
E6108TL/4,62.99,USD
E6108TL/5,62.99,USD
E6108TL/6,62.99,USD
E6109BK/2,24.99,USD
E6109BK/3,24.99,USD
E6109BK/4,24.99,USD
E6109PU/2,24.99,USD
E6109PU/3,24.99,USD
E6109PU/4,24.99,USD
E6109PU/5,24.99,USD
E6110BK/2,69.99,USD
E6110BK/3,69.99,USD
E6110BK/4,69.99,USD
E6110BK/5,69.99,USD
E6110BK/6,69.99,USD
E6110CO/2,69.99,USD
E6110CO/3,69.99,USD
E6110CO/4,69.99,USD
E6110CO/5,69.99,USD
E6110CR/2,69.99,USD
E6110CR/3,69.99,USD
E6110CR/4,69.99,USD
E6110CR/5,69.99,USD
E6110CR/6,69.99,USD
E6111BK/2,45.99,USD
E6111BK/3,45.99,USD
E6111BK/4,45.99,USD
E6111BK/5,45.99,USD
E6111BK/6,45.99,USD
E6111PU/2,45.99,USD
E6111PU/3,45.99,USD
E6111PU/4,45.99,USD
E6111PU/5,45.99,USD
E6111PU/6,45.99,USD
E6114CO/2,19.99,USD
E6114CO/3,19.99,USD
E6114CO/4,19.99,USD
E6114CO/5,19.99,USD
E6114CR/2,19.99,USD
E6114CR/3,19.99,USD
E6114CR/4,19.99,USD
E6114CR/5,19.99,USD
E6119CO/2,44.99,USD
E6119CO/3,44.99,USD
E6119CO/4,44.99,USD
E6119CO/5,44.99,USD
E6119MY/2,44.99,USD
E6119MY/3,44.99,USD
E6119MY/4,44.99,USD
E6119MY/5,44.99,USD
E6120BK/2,24.99,USD
E6120BK/3,24.99,USD
E6120BK/4,24.99,USD
E6120BK/5,24.99,USD
E6120PU/2,24.99,USD
E6120PU/3,24.99,USD
E6120PU/4,24.99,USD
E6120PU/5,24.99,USD
E6122BK/2,74.99,USD
E6122BK/3,74.99,USD
E6122BK/4,74.99,USD
E6122BK/5,74.99,USD
E6122CO/2,74.99,USD
E6122CO/3,74.99,USD
E6122CO/4,74.99,USD
E6122CO/5,74.99,USD
E6124BK/1,89.99,USD
E6124BK/2,89.99,USD
E6124BK/3,89.99,USD
E6124BK/4,89.99,USD
E6124BK/5,89.99,USD
E6124BK/6,89.99,USD
E6125BK/2,24.99,USD
E6125BK/3,24.99,USD
E6125BK/4,24.99,USD
E6125CO/2,24.99,USD
E6125CO/4,24.99,USD
E6125WH/2,24.99,USD
E6125WH/3,24.99,USD
E6125WH/4,24.99,USD
E6126BK/2,19.99,USD
E6126BK/3,19.99,USD
E6126BK/4,19.99,USD
E6126BK/5,19.99,USD
E6126BK/6,19.99,USD
E6126CE/4,19.99,USD
E6126CE/5,19.99,USD
E6126CE/6,19.99,USD
E6126CO/2,19.99,USD
E6126CO/3,19.99,USD
E6126CO/4,19.99,USD
E6126CO/5,19.99,USD
E6126CO/6,19.99,USD
E6126WH/2,19.99,USD
E6126WH/3,19.99,USD
E6126WH/4,19.99,USD
E6126WH/5,19.99,USD
E6126WH/6,19.99,USD
E6127BK/2,34.99,USD
E6127BK/3,34.99,USD
E6127BK/4,34.99,USD
E6127BK/5,34.99,USD
E6127BK/6,34.99,USD
E6127WH/2,34.99,USD
E6127WH/3,34.99,USD
E6127WH/4,34.99,USD
E6127WH/5,34.99,USD
E6127WH/6,34.99,USD
E6128NA/3,37.99,USD
E6129CO/3,34.99,USD
E6129CO/6,34.99,USD
E6130GY/2,49.99,USD
E6130GY/3,49.99,USD
E6130GY/4,49.99,USD
E6130GY/5,49.99,USD
E6131BK/2,19.99,USD
E6131BK/3,19.99,USD
E6131BK/4,19.99,USD
E6131BK/5,19.99,USD
E6131CO/2,19.99,USD
E6131CO/3,19.99,USD
E6131CO/4,19.99,USD
E6131CO/5,19.99,USD
E6132BK/1,69.99,USD
E6132BK/2,69.99,USD
E6132BK/3,69.99,USD
E6132BK/4,69.99,USD
E6132BK/5,69.99,USD
E6132BK/6,69.99,USD
E6133WH/3,69.99,USD
E6135DM/2,69.99,USD
E6135DM/3,69.99,USD
E6135DM/4,69.99,USD
E6135DM/5,69.99,USD
E6138DM/4,84.99,USD
E6138DM/5,84.99,USD
E6139BK/2,124.99,USD
E6139BK/3,124.99,USD
E6139BK/4,124.99,USD
E6139BK/5,124.99,USD
E6139BK/6,124.99,USD
E6140BK/2,124.99,USD
E6140BK/3,124.99,USD
E6140BK/4,124.99,USD
E6140BK/5,124.99,USD
E6140BK/6,124.99,USD
E6141BK/2,124.99,USD
E6141BK/3,124.99,USD
E6141BK/4,124.99,USD
E6141BK/5,124.99,USD
E6141BK/6,124.99,USD
E6142GY/2,19.99,USD
E7104BK/3,59.99,USD
E7104BK/4,59.99,USD
E7104BK/5,59.99,USD
E7105BK/3,44.99,USD
E7105BK/4,44.99,USD
E7105BK/5,44.99,USD
E7105BK/6,44.99,USD
E7105BK/7,44.99,USD
E7105ST/3,44.99,USD
E7105ST/4,44.99,USD
E7105ST/5,44.99,USD
E7105ST/6,44.99,USD
E7105ST/7,44.99,USD
E7107BK/2,44.99,USD
E7107BK/3,44.99,USD
E7107BK/4,44.99,USD
E7107BK/5,44.99,USD
E7107PU/2,44.99,USD
E7107PU/3,44.99,USD
E7107PU/4,44.99,USD
E7107PU/5,44.99,USD
E7107PU/6,44.99,USD
E7107ST/2,33.74,USD
E7107ST/3,33.74,USD
E7107ST/4,33.74,USD
E7107ST/5,33.74,USD
E7108PK/K7,22.49,USD
E7108PK/K9,22.49,USD
E7108PK/K11,22.49,USD
E7109BK/K7,18.74,USD
E7109BK/K9,18.74,USD
E7109BK/K11,18.74,USD
E7109PK/K7,18.74,USD
E7109PK/K9,18.74,USD
E7109PK/K11,18.74,USD
E7110BK/K7,32.99,USD
E7110BK/K11,32.99,USD
E7112BK/K7,16.99,USD
E7112BK/K9,16.99,USD
E7112BK/K11,16.99,USD
E7113GV/K7,49.99,USD
E7113GV/K9,49.99,USD
E7113GV/K11,49.99,USD
E7113PV/K7,49.99,USD
E7113PV/K9,49.99,USD
E7113PV/K11,49.99,USD
E7117BK/3,84.99,USD
E7117BK/4,84.99,USD
E7117BK/5,84.99,USD
E7117BK/6,84.99,USD
E7117BK/7,84.99,USD
E7117RD/3,84.99,USD
E7117RD/4,84.99,USD
E7117RD/5,84.99,USD
E7117RD/6,84.99,USD
E7117RD/7,84.99,USD
E7117WH/3,84.99,USD
E7117WH/4,84.99,USD
E7117WH/5,84.99,USD
E7117WH/6,84.99,USD
E7117WH/7,84.99,USD
E7118BK/3,69.99,USD
E7118BK/4,69.99,USD
E7118BK/5,69.99,USD
E7118BK/6,69.99,USD
E7118BK/7,69.99,USD
E7120BK/3,49.99,USD
E7120BK/4,49.99,USD
E7120BK/5,49.99,USD
E7120BK/6,49.99,USD
E7120BK/7,49.99,USD
E7121BK/K7,27.99,USD
E7121BK/K9,27.99,USD
E7121BK/K11,27.99,USD
E7121RD/K7,27.99,USD
E7121RD/K9,27.99,USD
E7121RD/K11,27.99,USD
E7121TL/K7,27.99,USD
E7121TL/K9,27.99,USD
E7122BK/K7,45.99,USD
E7122BK/K9,45.99,USD
E7122BK/K11,45.99,USD
E7122TL/K7,45.99,USD
E7122TL/K9,45.99,USD
E7122TL/K11,45.99,USD
E7123PU/K7,27.99,USD
E7123PU/K9,27.99,USD
E7123PU/K11,27.99,USD
E7123RD/K7,27.99,USD
E7123RD/K9,27.99,USD
E7123RD/K11,27.99,USD
E7124BK/3,16.99,USD
E7124BK/4,16.99,USD
E7124BK/5,16.99,USD
E7124TL/3,16.99,USD
E7124TL/4,16.99,USD
E7124TL/5,16.99,USD
E7125BK/3,89.99,USD
E7125BK/4,89.99,USD
E7125BK/5,89.99,USD
E7125BK/6,89.99,USD
E7125BK/7,89.99,USD
E7127BK/3,17.99,USD
E7127BK/4,17.99,USD
E7127BK/5,17.99,USD
E7127RD/4,17.99,USD
E7127RD/5,17.99,USD
E7128BK/0,34.99,USD
E7128GY/0,34.99,USD
E7129GY/K7,17.99,USD
E7129GY/K9,17.99,USD
E7129GY/K11,17.99,USD
E7129GY/K13,17.99,USD
E8006/3,42.74,USD
E8033ST/3,49.35,USD
E8033ST/5,49.35,USD
E8033ST/6,49.35,USD
E8033ST/7,49.35,USD
E8036ST/2,41.24,USD
E8036ST/3,41.24,USD
E8036ST/4,41.24,USD
E8036ST/5,41.24,USD
E8036ST/6,41.24,USD
E8040/3,79.99,USD
E8041/2,67.99,USD
E8041/3,67.99,USD
E8042BK/3,82.99,USD
E8042BK/4,82.99,USD
E8042BK/5,82.99,USD
E8042BK/6,82.99,USD
E8042BK/7,82.99,USD
E8046BK/2,57.99,USD
E8046BK/3,57.99,USD
E8046BK/4,57.99,USD
E8046BK/5,57.99,USD
E8051GY/6,43.49,USD
E8051GY/7,43.49,USD
E8052GN/3,49.99,USD
E8052GN/4,49.99,USD
E8052GN/5,49.99,USD
E8052GN/6,49.99,USD
E8052UM/3,49.99,USD
E8052UM/4,49.99,USD
E8052UM/5,49.99,USD
E8052UM/6,49.99,USD
E8052UM/7,49.99,USD
E8054BK/2,43.49,USD
E8054BK/3,43.49,USD
E8054PU/2,43.49,USD
E8054PU/3,43.49,USD
E8054PU/4,43.49,USD
E8054PU/5,43.49,USD
E8056BK/4,87.99,USD
E8056GN/3,87.99,USD
E8056GN/7,87.99,USD
E8057BK/2,59.99,USD
E8057BK/3,59.99,USD
E8057BK/4,59.99,USD
E8057BK/5,59.99,USD
E8057BK/6,59.99,USD
E8060BK/7,139.99,USD
E8062BK/2,49.99,USD
E8062BK/3,49.99,USD
E8062BK/4,49.99,USD
E8062BK/5,49.99,USD
E8062BK/6,49.99,USD
E8064BK/2,59.99,USD
E8064BK/3,59.99,USD
E8064BK/4,59.99,USD
E8064BK/5,59.99,USD
E8064BK/6,59.99,USD
E8064BK/7,59.99,USD
E8064BK/8,59.99,USD
E8064BK/9,59.99,USD
E8064CM/3,59.99,USD
E8064CM/4,59.99,USD
E8064CM/5,59.99,USD
E8064CM/6,59.99,USD
E8064CM/7,59.99,USD
E8064GY/2,59.99,USD
E8064GY/3,59.99,USD
E8064GY/4,59.99,USD
E8064GY/5,59.99,USD
E8064GY/6,59.99,USD
E8064GY/7,59.99,USD
E8064KH/5,59.99,USD
E8064KH/6,59.99,USD
E8064KH/7,59.99,USD
E8065BK/3,62.99,USD
E8065BK/4,62.99,USD
E8065BK/5,62.99,USD
E8065BK/6,62.99,USD
E8065BK/7,62.99,USD
E8065CM/4,62.99,USD
E8065CM/5,62.99,USD
E8065CM/6,62.99,USD
E8065CM/7,62.99,USD
E8065GY/3,62.99,USD
E8065GY/4,62.99,USD
E8065GY/5,62.99,USD
E8065GY/6,62.99,USD
E8065GY/7,62.99,USD
E8066BK/4,65.99,USD
E8066BK/5,65.99,USD
E8066BK/6,65.99,USD
E8066BK/7,65.99,USD
E8066CM/4,65.99,USD
E8066CM/5,65.99,USD
E8066CM/6,65.99,USD
E8066CM/7,65.99,USD
E8066KH/3,65.99,USD
E8066KH/4,65.99,USD
E8066KH/5,65.99,USD
E8066KH/6,65.99,USD
E8066KH/7,65.99,USD
E8067BK/3,69.99,USD
E8067BK/4,69.99,USD
E8067BK/5,69.99,USD
E8067BK/6,69.99,USD
E8067BK/7,69.99,USD
E8069BK/3,45.99,USD
E8069BK/4,45.99,USD
E8069BK/5,45.99,USD
E8069BK/6,45.99,USD
E8069BK/7,45.99,USD
E8069NA/3,45.99,USD
E8069NA/4,45.99,USD
E8069NA/5,45.99,USD
E8069NA/6,45.99,USD
E8069NA/7,45.99,USD
E8070BK/3,79.99,USD
E8070BK/4,79.99,USD
E8070BK/5,79.99,USD
E8070BK/6,79.99,USD
E8070BK/7,79.99,USD
E8070NA/3,79.99,USD
E8070NA/4,79.99,USD
E8070NA/5,79.99,USD
E8070NA/6,79.99,USD
E8070NA/7,79.99,USD
E8073BK/3,79.99,USD
E8073BK/4,79.99,USD
E8073BK/5,79.99,USD
E8073BK/6,79.99,USD
E8073BK/7,79.99,USD
E8074BK/3,109.99,USD
E8074BK/4,109.99,USD
E8074BK/5,109.99,USD
E8074BK/6,109.99,USD
E8074BK/7,109.99,USD
E8075BK/3,69.99,USD
E8075BK/4,69.99,USD
E8075BK/5,69.99,USD
E8075BK/6,69.99,USD
E8075BK/7,69.99,USD
E8076BK/3,54.99,USD
E8076BK/4,54.99,USD
E8076BK/5,54.99,USD
E8076BK/6,54.99,USD
E8076BK/7,54.99,USD
E8077BK/2,109.99,USD
E8077BK/3,109.99,USD
E8077BK/4,109.99,USD
E8077BK/5,109.99,USD
E8078BK/4,79.99,USD
E8078BK/7,79.99,USD
E8078OM/3,79.99,USD
E8078OM/4,79.99,USD
E8078OM/5,79.99,USD
E8078OM/6,79.99,USD
E8078OM/7,79.99,USD
E8080BK/3,109.99,USD
E8080BK/4,109.99,USD
E8080BK/5,109.99,USD
E8080BK/6,109.99,USD
E8080BK/7,109.99,USD
E8080MY/5,109.99,USD
E8081BK/3,59.99,USD
E8081BK/4,59.99,USD
E8081BK/5,59.99,USD
E8081BK/6,59.99,USD
E8081BK/7,59.99,USD
E8081KH/3,59.99,USD
E8081KH/4,59.99,USD
E8081KH/5,59.99,USD
E8081KH/7,59.99,USD
E8081PT/4,59.99,USD
E8081PT/5,59.99,USD
E8081PT/6,59.99,USD
E8082BK/3,99.99,USD
E8082BK/4,99.99,USD
E8082BK/5,99.99,USD
E8082BK/6,99.99,USD
E8082BK/7,99.99,USD
E8082KH/3,99.99,USD
E8082KH/4,99.99,USD
E8082KH/5,99.99,USD
E8082KH/7,99.99,USD
E8082PT/5,99.99,USD
E8082PT/6,99.99,USD
E8903PK/S-M,34.99,USD
E8904YV/S-M,23.99,USD
E8904YV/L-XL,23.99,USD
E9026BK/2,77.99,USD
E9026BK/3,77.99,USD
E9026BK/4,77.99,USD
E9026BK/5,77.99,USD
E9026BK/6,77.99,USD
E9026BK/7,77.99,USD
E9026LG/2,77.99,USD
E9026LG/3,77.99,USD
E9026LG/4,77.99,USD
E9026LG/5,77.99,USD
E9026LG/7,77.99,USD
E9026W/2,77.99,USD
E9026W/3,77.99,USD
E9026W/6,77.99,USD
E9026W/7,77.99,USD
E9027BK/2,64.99,USD
E9027BK/3,64.99,USD
E9027BK/4,64.99,USD
E9027BK/5,64.99,USD
E9027BK/6,64.99,USD
E9027BK/7,64.99,USD
E9027W/2,64.99,USD
E9027W/5,64.99,USD
E9027W/6,64.99,USD
E9027W/7,64.99,USD
E9037/2,74.99,USD
E9037/3,74.99,USD
E9037/4,74.99,USD
E9037/5,74.99,USD
E9037R/2,53.99,USD
E9037W/3,74.99,USD
E9037W/4,74.99,USD
E9037W/5,74.99,USD
E9057BK/2,41.24,USD
E9057BK/4,41.24,USD
E9057BK/5,41.24,USD
E9057PV/3,41.24,USD
E9057PV/4,41.24,USD
E9057PV/5,41.24,USD
E9057RD/2,41.24,USD
E9057RD/3,41.24,USD
E9057RD/4,41.24,USD
E9057RD/5,41.24,USD
E9057RD/6,41.24,USD
E9057UM/2,41.24,USD
E9057UM/3,41.24,USD
E9057UM/4,41.24,USD
E9057UM/5,41.24,USD
E9057UM/6,41.24,USD
E9058BK/2,26.24,USD
E9058BK/3,26.24,USD
E9058BK/4,26.24,USD
E9058BK/5,26.24,USD
E9058BK/6,26.24,USD
E9058BU/2,26.24,USD
E9058BU/3,26.24,USD
E9058BU/4,26.24,USD
E9058BU/5,26.24,USD
E9058BU/6,26.24,USD
E9058PK/3,26.24,USD
E9058PK/4,26.24,USD
E9058PK/5,26.24,USD
E9058PU/2,26.24,USD
E9058PU/3,26.24,USD
E9058PU/4,26.24,USD
E9058PU/5,26.24,USD
E9058W/2,26.24,USD
E9058W/3,26.24,USD
E9058W/4,26.24,USD
E9058W/5,26.24,USD
E9059BK/4,107.43,USD
E9059G/4,107.43,USD
E9059R/4,107.43,USD
E9061YV/2,24.74,USD
E9062BK/2,24.74,USD
E9062BK/3,24.74,USD
E9062BK/4,24.74,USD
E9062BK/5,24.74,USD
E9062BK/6,24.74,USD
E9062PV/2,24.74,USD
E9062PV/3,24.74,USD
E9062PV/4,24.74,USD
E9062PV/5,24.74,USD
E9062PV/6,24.74,USD
E9062W/3,24.74,USD
E9062W/4,24.74,USD
E9062W/5,24.74,USD
E9062W/6,24.74,USD
E9063BK/7,69.99,USD
E9063UM/4,69.99,USD
E9063UM/5,69.99,USD
E9063YV/5,69.99,USD
E9063YV/6,69.99,USD
E9063YV/7,69.99,USD
E9064BK/4,44.99,USD
E9065BK/3,67.49,USD
E9065BK/4,67.49,USD
E9065BK/5,67.49,USD
E9065BK/6,67.49,USD
E9065GV/2,67.49,USD
E9065GV/3,67.49,USD
E9065GV/5,67.49,USD
E9065GV/7,67.49,USD
E9065R/3,67.49,USD
E9066BK/2,79.99,USD
E9066BK/3,79.99,USD
E9066BK/4,79.99,USD
E9066BK/5,79.99,USD
E9066CE/2,89.99,USD
E9066CE/3,89.99,USD
E9066CE/4,89.99,USD
E9066CE/5,89.99,USD
E9066CE/6,89.99,USD
E9066UM/2,89.99,USD
E9066UM/3,89.99,USD
E9066UM/4,89.99,USD
E9066UM/5,89.99,USD
E9066UM/6,89.99,USD
E9067BK/2,99.99,USD
E9067BK/3,99.99,USD
E9067BK/4,99.99,USD
E9067BK/6,99.99,USD
E9067BK/7,99.99,USD
E9067GV/2,99.99,USD
E9067YV/7,99.99,USD
E9068BK/3,67.49,USD
E9068BK/6,67.49,USD
E9068GV/4,99.99,USD
E9068GV/5,99.99,USD
E9068PV/2,99.99,USD
E9068PV/3,99.99,USD
E9068PV/4,99.99,USD
E9068PV/5,99.99,USD
E9068YV/2,99.99,USD
E9068YV/3,99.99,USD
E9068YV/4,99.99,USD
E9068YV/5,99.99,USD
E9068YV/6,99.99,USD
E9069BU/2,69.99,USD
E9069BU/3,69.99,USD
E9069BU/4,69.99,USD
E9069BU/5,69.99,USD
E9069PV/2,69.99,USD
E9069PV/3,69.99,USD
E9069YV/2,69.99,USD
E9069YV/3,69.99,USD
E9069YV/4,69.99,USD
E9069YV/5,69.99,USD
E9069YV/6,69.99,USD
E9070BK/3,99.99,USD
E9070BK/4,99.99,USD
E9070BK/5,99.99,USD
E9070BK/6,99.99,USD
E9070GN/3,99.99,USD
E9070GN/4,99.99,USD
E9070GN/6,99.99,USD
E9070GN/7,99.99,USD
E9070RD/3,99.99,USD
E9070RD/7,99.99,USD
E9071RD/3,69.99,USD
E9071RD/4,69.99,USD
E9071RD/5,69.99,USD
E9071RD/6,69.99,USD
E9071RD/7,69.99,USD
E9072BK/2,59.99,USD
E9072BK/3,59.99,USD
E9072BK/6,59.99,USD
E9072PV/2,69.99,USD
E9072PV/3,69.99,USD
E9072PV/4,69.99,USD
E9072PV/5,69.99,USD
E9072UM/1,69.99,USD
E9072UM/2,69.99,USD
E9072UM/3,69.99,USD
E9072UM/4,69.99,USD
E9072UM/5,69.99,USD
E9072UM/6,69.99,USD
E9073BK/3,39.99,USD
E9073BK/4,39.99,USD
E9073BK/5,39.99,USD
E9073BK/6,39.99,USD
E9073YV/6,39.99,USD
E9075PK/1,77.99,USD
E9075PK/2,77.99,USD
E9075PK/3,77.99,USD
E9075PK/4,77.99,USD
E9075PK/5,77.99,USD
E9075TU/2,77.99,USD
E9075TU/3,77.99,USD
E9075TU/4,77.99,USD
E9075TU/5,77.99,USD
E9075WH/1,77.99,USD
E9075WH/2,77.99,USD
E9075WH/3,77.99,USD
E9075WH/4,77.99,USD
E9075WH/5,77.99,USD
E9076GV/3,89.99,USD
E9076GV/4,89.99,USD
E9076GV/5,89.99,USD
E9076GV/6,89.99,USD
E9076GV/7,89.99,USD
E9076YV/3,89.99,USD
E9076YV/4,89.99,USD
E9076YV/5,89.99,USD
E9076YV/6,89.99,USD
E9076YV/7,89.99,USD
E9077GV/2,89.99,USD
E9077GV/3,89.99,USD
E9077GV/4,89.99,USD
E9077GV/5,89.99,USD
E9077GV/6,89.99,USD
E9077PV/2,89.99,USD
E9077PV/3,89.99,USD
E9077PV/4,89.99,USD
E9077PV/5,89.99,USD
E9077PV/6,89.99,USD
E9078BK/3,199.99,USD
E9078BK/5,199.99,USD
E9078BK/7,199.99,USD
E9078NA/4,199.99,USD
E9078NA/6,199.99,USD
E9078OB/3,199.99,USD
E9078OB/4,199.99,USD
E9078OB/5,199.99,USD
E9078OB/6,199.99,USD
E9079PV/2,149.99,USD
E9079PV/3,149.99,USD
E9079PV/4,149.99,USD
E9079PV/5,149.99,USD
E9081GV/3,149.99,USD
E9081GV/4,149.99,USD
E9081GV/5,149.99,USD
E9081GV/6,149.99,USD
E9081GV/7,149.99,USD
E9081RD/5,149.99,USD
E9081RD/6,149.99,USD
E9081RD/7,149.99,USD
E9085GV/3,149.99,USD
E9085GV/4,149.99,USD
E9085GV/5,149.99,USD
E9085GV/6,149.99,USD
E9085NA/3,149.99,USD
E9085NA/4,149.99,USD
E9085NA/5,149.99,USD
E9085NA/6,149.99,USD
E9085NA/7,149.99,USD
E9085RD/3,149.99,USD
E9085RD/4,149.99,USD
E9085RD/5,149.99,USD
E9085RD/6,149.99,USD
E9085RD/7,149.99,USD
E9087YV/3,55.99,USD
E9087YV/4,55.99,USD
E9087YV/5,55.99,USD
E9087YV/6,55.99,USD
E9087YV/7,55.99,USD
E9088YV/3,49.99,USD
E9088YV/4,49.99,USD
E9088YV/6,49.99,USD
E9090RD/2,164.99,USD
E9090RD/3,164.99,USD
E9090RD/4,164.99,USD
E9090RD/5,164.99,USD
E9092NA/2,99.99,USD
E9092NA/3,99.99,USD
E9092NA/4,99.99,USD
E9092NA/5,99.99,USD
E9092NA/6,99.99,USD
E9092RA/2,99.99,USD
E9092RA/3,99.99,USD
E9092RA/4,99.99,USD
E9092RA/5,99.99,USD
E9092RA/6,99.99,USD
E9095BK/2,35.99,USD
E9095BK/3,35.99,USD
E9095BK/4,35.99,USD
E9095BK/5,35.99,USD
E9095BK/6,35.99,USD
E9095BK/7,35.99,USD
E9095RD/2,35.99,USD
E9095RD/3,35.99,USD
E9095RD/4,35.99,USD
E9095RD/5,35.99,USD
E9095RD/6,35.99,USD
E9095YV/2,35.99,USD
E9095YV/3,35.99,USD
E9095YV/4,35.99,USD
E9095YV/5,35.99,USD
E9095YV/6,35.99,USD
E9095YV/7,35.99,USD
E9098CM/3,114.99,USD
E9098CM/4,114.99,USD
E9098CM/5,114.99,USD
E9098CM/6,114.99,USD
E9098CM/7,114.99,USD
E9098CT/3,114.99,USD
E9098CT/4,114.99,USD
E9098CT/5,114.99,USD
E9098CT/6,114.99,USD
E9098CT/7,114.99,USD
E9098NA/3,114.99,USD
E9098NA/4,114.99,USD
E9098NA/5,114.99,USD
E9098NA/6,114.99,USD
E9098NA/7,114.99,USD
E9099CO/2,199.99,USD
E9099CO/3,199.99,USD
E9099CO/4,199.99,USD
E9099CO/5,199.99,USD
E9100CR/2,114.99,USD
E9100CR/3,114.99,USD
E9100CR/4,114.99,USD
E9100CR/5,114.99,USD
E9100CR/6,114.99,USD
E9100PU/2,114.99,USD
E9100PU/3,114.99,USD
E9100PU/4,114.99,USD
E9100PU/5,114.99,USD
E9100PU/6,114.99,USD
E9101CO/2,149.99,USD
E9101CO/3,149.99,USD
E9101CO/4,149.99,USD
E9101CO/5,149.99,USD
E9102BK/3,89.99,USD
E9102BK/4,89.99,USD
E9102BK/5,89.99,USD
E9102BK/6,89.99,USD
E9102BK/7,89.99,USD
E9102GV/3,89.99,USD
E9102GV/4,89.99,USD
E9102GV/5,89.99,USD
E9102GV/6,89.99,USD
E9102GV/7,89.99,USD
E9102RD/3,89.99,USD
E9102RD/4,89.99,USD
E9102RD/5,89.99,USD
E9102RD/6,89.99,USD
E9102RD/7,89.99,USD
E9103BK/3,59.99,USD
E9103BK/4,59.99,USD
E9103BK/5,59.99,USD
E9103BK/6,59.99,USD
E9103BK/7,59.99,USD
E9103GV/3,59.99,USD
E9103GV/4,59.99,USD
E9103GV/5,59.99,USD
E9103GV/6,59.99,USD
E9103GV/7,59.99,USD
E9104CO/2,59.99,USD
E9104CO/3,59.99,USD
E9104CO/4,59.99,USD
E9104CO/5,59.99,USD
E9104CR/2,59.99,USD
E9104CR/3,59.99,USD
E9104CR/4,59.99,USD
E9104CR/5,59.99,USD
E9105BK/3,129.99,USD
E9105BK/4,129.99,USD
E9105BK/5,129.99,USD
E9105BK/6,129.99,USD
E9105BK/7,129.99,USD
E9106BK/2,77.99,USD
E9106BK/3,77.99,USD
E9106BK/4,77.99,USD
E9106BK/5,77.99,USD
E9106BK/6,77.99,USD
E9106BK/7,77.99,USD
E9106GV/2,77.99,USD
E9106GV/3,77.99,USD
E9106GV/4,77.99,USD
E9106GV/5,77.99,USD
E9106GV/6,77.99,USD
E9106GV/7,77.99,USD
E9106WH/2,77.99,USD
E9106WH/3,77.99,USD
E9106WH/4,77.99,USD
E9106WH/5,77.99,USD
E9106WH/6,77.99,USD
E9106WH/7,77.99,USD
E9107BK/2,64.99,USD
E9107BK/3,64.99,USD
E9107BK/4,64.99,USD
E9107BK/5,64.99,USD
E9107BK/6,64.99,USD
E9107BK/7,64.99,USD
E9107WH/2,64.99,USD
E9107WH/3,64.99,USD
E9107WH/4,64.99,USD
E9107WH/5,64.99,USD
E9107WH/6,64.99,USD
E9107WH/7,64.99,USD
E9108BK/1,77.99,USD
E9108BK/2,77.99,USD
E9108BK/3,77.99,USD
E9108BK/4,77.99,USD
E9108BK/5,77.99,USD
E9108BK/6,77.99,USD
E9108CE/1,77.99,USD
E9108CE/2,77.99,USD
E9108CE/3,77.99,USD
E9108CE/4,77.99,USD
E9108CE/5,77.99,USD
E9108CE/6,77.99,USD
E9109BK/2,64.99,USD
E9109BK/3,64.99,USD
E9109BK/4,64.99,USD
E9109BK/5,64.99,USD
E9109BK/6,64.99,USD
E9109CE/2,64.99,USD
E9109CE/3,64.99,USD
E9109CE/4,64.99,USD
E9109CE/5,64.99,USD
E9109CE/6,64.99,USD
E9111BK/2,99.99,USD
E9111BK/3,99.99,USD
EM0043OR/3,54.99,USD
EM0043OR/4,54.99,USD
EM0043OR/5,54.99,USD
EM0046/3,24.74,USD
EM0046/7,24.74,USD
EM0048WH/4,47.99,USD
EM0049BK/S-M,11.99,USD
EM0049BK/L-XL,11.99,USD
EM0053NA/3,139.99,USD
EM0053NA/4,139.99,USD
EM0053NA/5,139.99,USD
EM0053NA/6,139.99,USD
EM0053NA/7,139.99,USD
EM0053OM/3,139.99,USD
EM0053OM/4,139.99,USD
EM0053OM/5,139.99,USD
EM0053OM/6,139.99,USD
EM0053OM/7,139.99,USD
EM0054BK/4,82.99,USD
EM0054BK/5,82.99,USD
EM0054BK/6,82.99,USD
EM0054KH/3,82.99,USD
EM0054KH/4,82.99,USD
EM0054KH/5,82.99,USD
EM0054KH/6,82.99,USD
EM0054KH/7,82.99,USD
EM0054NA/4,82.99,USD
EM0054NA/5,82.99,USD
EM0054NA/6,82.99,USD
EM0054NA/7,82.99,USD
EM0055BK/3,34.99,USD
EM0055BK/4,34.99,USD
EM0055BK/5,34.99,USD
EM0055BK/6,34.99,USD
EM0055BK/7,34.99,USD
EM0055NA/3,34.99,USD
EM0055NA/4,34.99,USD
EM0055NA/5,34.99,USD
EM0055NA/6,34.99,USD
EM0055NA/7,34.99,USD
EM0056BK/S-M,69.99,USD
EM0056BK/M-L,69.99,USD
EM0056BK/L-XL,69.99,USD
EM0057BK/3,124.99,USD
EM0057BK/4,124.99,USD
EM0057BK/5,124.99,USD
EM0057BK/6,124.99,USD
EM0057BK/7,124.99,USD
EM0057BU/3,124.99,USD
EM0057BU/4,124.99,USD
EM0057BU/5,124.99,USD
EM0057BU/6,124.99,USD
EM0057BU/7,124.99,USD
EM0057NA/3,124.99,USD
EM0057NA/4,124.99,USD
EM0057NA/5,124.99,USD
EM0057NA/6,124.99,USD
EM0057NA/7,124.99,USD
EM0058NA/3,74.99,USD
EM0058NA/4,74.99,USD
EM0058NA/5,74.99,USD
EM0058NA/6,74.99,USD
EP0028R/3,25.53,USD
EP0028R/4,25.53,USD
EP0055/4,27.99,USD
EP0055/5,27.99,USD
EP0055/6,27.99,USD
EP0055/7,27.99,USD
EP0056PK/2,31.49,USD
EP0056PK/3,31.49,USD
EP0056PK/4,31.49,USD
EP0056PK/5,31.49,USD
EP0063BK/3,49.99,USD
EP0063BK/4,49.99,USD
EQ0085W/3,20.99,USD
EQ0085W/4,20.99,USD
EQ0085W/5,20.99,USD
EQ3042R/5,87.49,USD
EQ3061BK/4,63.99,USD
EQ9056BK/3,45.49,USD
EQ9056BK/4,45.49,USD
ET6081MV/K7,25.19,USD
ET6081MV/K9,25.19,USD
ET6093MV/4,67.99,USD
ET6094MV/2,89.99,USD
ET6095MV/2,29.99,USD
ET6095MV/3,29.99,USD
ET6095MV/7,29.99,USD
ET6096MV/0,11.99,USD
ET6100MV/S-M,11.99,USD
ET7001BU/4,299.99,USD
ET7101MV/2,79.99,USD
ET7104MV/0,11.99,USD
ET7105MV/2,29.99,USD
ET7105MV/3,29.99,USD
ET7105MV/4,29.99,USD
ET7105MV/5,29.99,USD
ET7105MV/6,29.99,USD
ET7105MV/7,29.99,USD
ET7106MV/S-M,11.99,USD
ET7106MV/L-XL,11.99,USD
ET7107MV/L-XL,13.99,USD
ET8136CB/1,69.99,USD
ET8136CB/2,69.99,USD
ET8136CB/3,69.99,USD
ET8136CB/4,69.99,USD
ET8136CB/5,69.99,USD
ET8139CB/2,89.99,USD
ET8139CB/3,89.99,USD
ET8139CB/4,89.99,USD
ET8139CB/5,89.99,USD
ET8140CB/0,11.99,USD
ET8201CB/3,69.99,USD
ET8201CB/4,69.99,USD
ET8201CB/5,69.99,USD
ET8204CB/2,89.99,USD
ET8204CB/3,89.99,USD
ET8204CB/4,89.99,USD
ET8204CB/5,89.99,USD
EU3049BK/4,64.99,USD
EU3049BK/5,64.99,USD
EU3049BK/6,64.99,USD
EU3049BK/7,64.99,USD
EU3049ST/3,64.99,USD
EU3049ST/4,64.99,USD
EU3049ST/5,64.99,USD
EU3049ST/6,64.99,USD
EU3058ST/3,37.49,USD
EU3058ST/4,37.49,USD
EU3058ST/5,37.49,USD
EU3058ST/6,37.49,USD
EU3058ST/7,37.49,USD
EU3061BK/3,119.99,USD
EU3061BK/6,119.99,USD
EU3061BK/7,119.99,USD
EU3061OC/3,119.99,USD
EU3061OC/4,119.99,USD
EU3061OC/5,119.99,USD
EU3061OC/6,119.99,USD
EU3061OC/7,119.99,USD
EU3062BK/1,119.99,USD
EU3062BK/2,119.99,USD
EU3062BK/3,119.99,USD
EU3062BK/4,119.99,USD
EU3062BK/5,119.99,USD
EU3062TU/2,119.99,USD
EU3062TU/3,119.99,USD
EU3062TU/4,119.99,USD
EU3062TU/5,119.99,USD
EU3063BK/3,69.99,USD
EU3063BK/4,69.99,USD
EU3063BK/5,69.99,USD
EU3063BK/6,69.99,USD
EU3063BK/7,69.99,USD
EU8045BK/3,74.99,USD
EU8045BK/4,74.99,USD
EU8045BK/5,74.99,USD
EU8045BK/6,74.99,USD
EU8045BK/7,74.99,USD
EU8050AN/3,59.99,USD
EU8050AN/4,59.99,USD
EU8050AN/6,59.99,USD
EU8050BU/3,59.99,USD
EU8050BU/4,59.99,USD
EU8050BU/5,59.99,USD
EU8050BU/6,59.99,USD
EU8050BU/7,59.99,USD
EU8050BU-7,59.99,USD
EU8050BU,59.99,USD
JLENS01,11.99,USD
