CMB0001WH/3,10,endurasport_us
CMB0001WH/4,10,endurasport_us
CMB0001WH/5,10,endurasport_us
CMB0001WH/6,10,endurasport_us
CMB0002WH/3,10,endurasport_us
CMB0002WH/4,10,endurasport_us
CMB0002WH/5,10,endurasport_us
CMB0002WH/6,10,endurasport_us
CVX0001BK/2,10,endurasport_us
CVX0001BK/3,10,endurasport_us
CVX0001BK/4,10,endurasport_us
CVX0001BK/5,10,endurasport_us
CVX0002BK/2,10,endurasport_us
CVX0002BK/3,10,endurasport_us
CVX0002BK/4,10,endurasport_us
CVX0002BK/5,10,endurasport_us
E0001BK/S-M,10,endurasport_us
E0001BK/L-XL,10,endurasport_us
E0001W/S-M,10,endurasport_us
E0001W/L-XL,10,endurasport_us
E0003/S-M,10,endurasport_us
E0003/M-L,10,endurasport_us
E0003/L-XL,10,endurasport_us
E0004/S-M,10,endurasport_us
E0004/L-XL,10,endurasport_us
E0005/S-M,10,endurasport_us
E0005/L-XL,10,endurasport_us
E0006/3,10,endurasport_us
E0006/5,10,endurasport_us
E0007,10,endurasport_us
E0015MS/4,10,endurasport_us
E0028/3,10,endurasport_us
E0028C/3,10,endurasport_us
E0035/3,10,endurasport_us
E0035/5,10,endurasport_us
E0036/3,10,endurasport_us
E0038BK/2,10,endurasport_us
E0038BK/3,10,endurasport_us
E0038R/2,10,endurasport_us
E0038R/3,10,endurasport_us
E0040BL,10,endurasport_us
E0040CL,10,endurasport_us
E0040OR,10,endurasport_us
E0040SM,10,endurasport_us
E0040ST,10,endurasport_us
E0040YL,10,endurasport_us
E0041,10,endurasport_us
E0042/2,10,endurasport_us
E0042/3,10,endurasport_us
E0042/4,10,endurasport_us
E0042/5,10,endurasport_us
E0042/6,10,endurasport_us
E0042/7,10,endurasport_us
E0043BC,10,endurasport_us
E0043RP,10,endurasport_us
E0043WC,10,endurasport_us
E0045,10,endurasport_us
E0046BK,10,endurasport_us
E0048,10,endurasport_us
E0052,10,endurasport_us
E0053,10,endurasport_us
E0060/3,10,endurasport_us
E0060/4,10,endurasport_us
E0060/5,10,endurasport_us
E0060/6,10,endurasport_us
E0060/7,10,endurasport_us
E0061/2,10,endurasport_us
E0061/3,10,endurasport_us
E0061/4,10,endurasport_us
E0061/5,10,endurasport_us
E0062/2,10,endurasport_us
E0062/3,10,endurasport_us
E0062/4,10,endurasport_us
E0062/5,10,endurasport_us
E0062/6,10,endurasport_us
E0062/7,10,endurasport_us
E0063/3,10,endurasport_us
E0063/4,10,endurasport_us
E0063/5,10,endurasport_us
E0063/6,10,endurasport_us
E0066BK,10,endurasport_us
E0066KG,10,endurasport_us
E0066MB,10,endurasport_us
E0066OR,10,endurasport_us
E0068BK/2,10,endurasport_us
E0068BK/5,10,endurasport_us
E0068BK/6,10,endurasport_us
E0068BK/7,10,endurasport_us
E0068Y/2,10,endurasport_us
E0068Y/3,10,endurasport_us
E0068Y/4,10,endurasport_us
E0068Y/5,10,endurasport_us
E0068Y/6,10,endurasport_us
E0068Y/7,10,endurasport_us
E0069BK/3,10,endurasport_us
E0069BK/4,10,endurasport_us
E0069BK/5,10,endurasport_us
E0069BK/6,10,endurasport_us
E0069BK/7,10,endurasport_us
E0070/3,10,endurasport_us
E0072BK/5,10,endurasport_us
E0073,10,endurasport_us
E0075BK/2,10,endurasport_us
E0075BK/3,10,endurasport_us
E0075BK/4,10,endurasport_us
E0075BK/5,10,endurasport_us
E0075BK/6,10,endurasport_us
E0075BK/7,10,endurasport_us
E0075BU/2,10,endurasport_us
E0075BU/3,10,endurasport_us
E0075BU/6,10,endurasport_us
E0075BU/7,10,endurasport_us
E0075R/2,10,endurasport_us
E0075R/3,10,endurasport_us
E0075R/4,10,endurasport_us
E0075R/5,10,endurasport_us
E0075R/6,10,endurasport_us
E0075R/7,10,endurasport_us
E0076BK/2,10,endurasport_us
E0076BK/3,10,endurasport_us
E0076BK/4,10,endurasport_us
E0076BK/5,10,endurasport_us
E0076BK/6,10,endurasport_us
E0076BK/7,10,endurasport_us
E0078CL,10,endurasport_us
E0078PK,10,endurasport_us
E0082W/2,10,endurasport_us
E0082W/7,10,endurasport_us
E0083BK/4,10,endurasport_us
E0083BK/5,10,endurasport_us
E0083BK/6,10,endurasport_us
E0083BK/7,10,endurasport_us
E0084BK/S-M,10,endurasport_us
E0084BK/L-XL,10,endurasport_us
E0086BK,10,endurasport_us
E0086W,10,endurasport_us
E0087BY/3,10,endurasport_us
E0087BY/5,10,endurasport_us
E0087GV/3,10,endurasport_us
E0087GV/5,10,endurasport_us
E0087UM/3,10,endurasport_us
E0087UM/5,10,endurasport_us
E0089BK/3,10,endurasport_us
E0089BK/4,10,endurasport_us
E0089BK/5,10,endurasport_us
E0089BK/6,10,endurasport_us
E0089W/3,10,endurasport_us
E0089W/4,10,endurasport_us
E0089W/5,10,endurasport_us
E0089W/6,10,endurasport_us
E0091BK,10,endurasport_us
E0095/2,10,endurasport_us
E0095/3,10,endurasport_us
E0095/4,10,endurasport_us
E0095/5,10,endurasport_us
E0095/6,10,endurasport_us
E0095/7,10,endurasport_us
E0095GV/2,10,endurasport_us
E0095GV/3,10,endurasport_us
E0095GV/4,10,endurasport_us
E0095GV/5,10,endurasport_us
E0095GV/6,10,endurasport_us
E0095GV/7,10,endurasport_us
E0096BK/5,10,endurasport_us
E0098BK/S-M,10,endurasport_us
E0098BK/L-XL,10,endurasport_us
E0098YV/S-M,10,endurasport_us
E0098YV/L-XL,10,endurasport_us
E0099YV,10,endurasport_us
E0100BK/2,10,endurasport_us
E0100BK/3,10,endurasport_us
E0100BK/4,10,endurasport_us
E0100BK/5,10,endurasport_us
E0100BK/6,10,endurasport_us
E0100BK/7,10,endurasport_us
E0102BK/S-M,10,endurasport_us
E0103BK/S-M,10,endurasport_us
E0105BK/S-M,10,endurasport_us
E0105BK/L-XL,10,endurasport_us
E0107BK/5,10,endurasport_us
E0107BK/6,10,endurasport_us
E0110BK,10,endurasport_us
E0110PK,10,endurasport_us
E0110UM,10,endurasport_us
E0112WH/5,10,endurasport_us
E0112WH/7,10,endurasport_us
E0113BK,10,endurasport_us
E0113PV,10,endurasport_us
E0114GV/S-M,10,endurasport_us
E0114GV/L-XL,10,endurasport_us
E0114YV/S-M,10,endurasport_us
E0114YV/L-XL,10,endurasport_us
E0115BK/S-M,10,endurasport_us
E0115BK/L-XL,10,endurasport_us
E0115WH/S-M,10,endurasport_us
E0115WH/L-XL,10,endurasport_us
E0116PK,10,endurasport_us
E0120GV/S-M,10,endurasport_us
E0120GV/M-L,10,endurasport_us
E0120GV/L-XL,10,endurasport_us
E0120PV/S-M,10,endurasport_us
E0120PV/M-L,10,endurasport_us
E0120PV/L-XL,10,endurasport_us
E0120YV/S-M,10,endurasport_us
E0120YV/M-L,10,endurasport_us
E0120YV/L-XL,10,endurasport_us
E0127BK/2,10,endurasport_us
E0127BK/3,10,endurasport_us
E0127BK/4,10,endurasport_us
E0127BK/5,10,endurasport_us
E0127BK/6,10,endurasport_us
E0127BK/7,10,endurasport_us
E0128BK/2,10,endurasport_us
E0128BK/3,10,endurasport_us
E0128BK/4,10,endurasport_us
E0128BK/5,10,endurasport_us
E0128BK/6,10,endurasport_us
E0128BK/7,10,endurasport_us
E0128YV/2,10,endurasport_us
E0128YV/3,10,endurasport_us
E0128YV/4,10,endurasport_us
E0128YV/5,10,endurasport_us
E0128YV/6,10,endurasport_us
E0128YV/7,10,endurasport_us
E0130BK/2,10,endurasport_us
E0130BK/3,10,endurasport_us
E0130BK/4,10,endurasport_us
E0130BK/5,10,endurasport_us
E0130BK/6,10,endurasport_us
E0130BK/7,10,endurasport_us
E0132BK/2,10,endurasport_us
E0132BK/3,10,endurasport_us
E0132BK/4,10,endurasport_us
E0132BK/5,10,endurasport_us
E0132BK/6,10,endurasport_us
E0132BK/7,10,endurasport_us
E0132MB/2,10,endurasport_us
E0132MB/3,10,endurasport_us
E0132MB/4,10,endurasport_us
E0132MB/5,10,endurasport_us
E0132MB/6,10,endurasport_us
E0132NA/2,10,endurasport_us
E0132NA/3,10,endurasport_us
E0132NA/4,10,endurasport_us
E0132NA/5,10,endurasport_us
E0132NA/6,10,endurasport_us
E0132NA/7,10,endurasport_us
E0150BK/0,10,endurasport_us
E0150NA/0,10,endurasport_us
E0151KH/0,10,endurasport_us
E0151MY/0,10,endurasport_us
E0151PT/0,10,endurasport_us
E1003BK/S-M,10,endurasport_us
E1004BK/S-M,10,endurasport_us
E1004BK/L-XL,10,endurasport_us
E1005BK/S-M,10,endurasport_us
E1005BK/L-XL,10,endurasport_us
E1015SL,10,endurasport_us
E1016BU,10,endurasport_us
E1017BK/2,10,endurasport_us
E1017BK/3,10,endurasport_us
E1017BK/4,10,endurasport_us
E1017BK/7,10,endurasport_us
E1017WH/2,10,endurasport_us
E1017WH/3,10,endurasport_us
E1017WH/6,10,endurasport_us
E1017WH/7,10,endurasport_us
E1018OC/2,10,endurasport_us
E1018OC/3,10,endurasport_us
E1018OC/4,10,endurasport_us
E1018OC/5,10,endurasport_us
E1018OC/6,10,endurasport_us
E1018OC/7,10,endurasport_us
E1018RD/3,10,endurasport_us
E1018RD/4,10,endurasport_us
E1018RD/5,10,endurasport_us
E1018RD/6,10,endurasport_us
E1018RD/7,10,endurasport_us
E1018WH/2,10,endurasport_us
E1018WH/3,10,endurasport_us
E1018WH/4,10,endurasport_us
E1018WH/5,10,endurasport_us
E1018WH/6,10,endurasport_us
E1018WH/7,10,endurasport_us
E1019BK/2,10,endurasport_us
E1019BK/3,10,endurasport_us
E1019BK/6,10,endurasport_us
E1019BK/7,10,endurasport_us
E1019RD/2,10,endurasport_us
E1019RD/3,10,endurasport_us
E1019RD/4,10,endurasport_us
E1019RD/6,10,endurasport_us
E1019RD/7,10,endurasport_us
E1019WH/2,10,endurasport_us
E1019WH/3,10,endurasport_us
E1019WH/4,10,endurasport_us
E1019WH/6,10,endurasport_us
E1019WH/7,10,endurasport_us
E1020BK,10,endurasport_us
E1021BK/3,10,endurasport_us
E1021BK/4,10,endurasport_us
E1021BK/5,10,endurasport_us
E1021BK/6,10,endurasport_us
E1023BK/3,10,endurasport_us
E1023BK/6,10,endurasport_us
E1023BK/7,10,endurasport_us
E1024BK/1,10,endurasport_us
E1024BK/2,10,endurasport_us
E1026BK/2,10,endurasport_us
E1026BK/3,10,endurasport_us
E1026BK/4,10,endurasport_us
E1026BK/5,10,endurasport_us
E1026BK/6,10,endurasport_us
E1026BK/7,10,endurasport_us
E1026RD/2,10,endurasport_us
E1026RD/3,10,endurasport_us
E1026RD/4,10,endurasport_us
E1026RD/5,10,endurasport_us
E1026RD/6,10,endurasport_us
E1026RD/7,10,endurasport_us
E1028AN/0,10,endurasport_us
E1028BK/0,10,endurasport_us
E1028PU/0,10,endurasport_us
E1028UM/0,10,endurasport_us
E1030BK/S-M,10,endurasport_us
E1030BK/M-L,10,endurasport_us
E1030BK/L-XL,10,endurasport_us
E1031BK/S-M,10,endurasport_us
E1031BK/M-L,10,endurasport_us
E1031BK/L-XL,10,endurasport_us
E1032BK/S-M,10,endurasport_us
E1032BK/L-XL,10,endurasport_us
E1035BK/S-M,10,endurasport_us
E1035BK/M-L,10,endurasport_us
E1035BK/L-XL,10,endurasport_us
E1036BK/S-M,10,endurasport_us
E1036BK/L-XL,10,endurasport_us
E1037BK/S-M,10,endurasport_us
E1037BK/M-L,10,endurasport_us
E1037BK/L-XL,10,endurasport_us
E1038BK/S-M,10,endurasport_us
E1038BK/L-XL,10,endurasport_us
E1039BK/S-M,10,endurasport_us
E1039BK/L-XL,10,endurasport_us
E1040BK/0,10,endurasport_us
E1041WH/0,10,endurasport_us
E1042BK/S-M,10,endurasport_us
E1042BK/L-XL,10,endurasport_us
E1043BK/S-M,10,endurasport_us
E1043BK/L-XL,10,endurasport_us
E1048BK/S-M,10,endurasport_us
E1048BK/L-XL,10,endurasport_us
E1050BK/S-M,10,endurasport_us
E1050BK/L-XL,10,endurasport_us
E1102,10,endurasport_us
E1103BK,10,endurasport_us
E1105BK,10,endurasport_us
E1107BK,10,endurasport_us
E1108BK/S-M,10,endurasport_us
E1108BK/L-XL,10,endurasport_us
E1109BK/S-M,10,endurasport_us
E1109BK/M-L,10,endurasport_us
E1109BK/L-XL,10,endurasport_us
E1110BK,10,endurasport_us
E1111BK/S-M,10,endurasport_us
E1111BK/L-XL,10,endurasport_us
E1112BK/S-M,10,endurasport_us
E1112BK/L-XL,10,endurasport_us
E1113BK/0,10,endurasport_us
E1117BK/3,10,endurasport_us
E1117BK/4,10,endurasport_us
E1117BK/5,10,endurasport_us
E1117BK/6,10,endurasport_us
E1117BK/7,10,endurasport_us
E1118BK/3,10,endurasport_us
E1118BK/4,10,endurasport_us
E1118BK/5,10,endurasport_us
E1118BK/6,10,endurasport_us
E1118BK/7,10,endurasport_us
E1119BK/6,10,endurasport_us
E1119BK/7,10,endurasport_us
E1120BK/3,10,endurasport_us
E1120BK/4,10,endurasport_us
E1120BK/5,10,endurasport_us
E1120BK/6,10,endurasport_us
E1120BK/7,10,endurasport_us
E1120WH/3,10,endurasport_us
E1120WH/4,10,endurasport_us
E1120WH/5,10,endurasport_us
E1120WH/6,10,endurasport_us
E1120WH/7,10,endurasport_us
E1121BK/0,10,endurasport_us
E1123BK/2,10,endurasport_us
E1123BK/3,10,endurasport_us
E1123BK/6,10,endurasport_us
E1123BK/7,10,endurasport_us
E1123RD/2,10,endurasport_us
E1124BK/2,10,endurasport_us
E1124BK/3,10,endurasport_us
E1124BK/4,10,endurasport_us
E1124BK/6,10,endurasport_us
E1124BK/7,10,endurasport_us
E1124RD/2,10,endurasport_us
E1124RD/3,10,endurasport_us
E1124RD/4,10,endurasport_us
E1124RD/6,10,endurasport_us
E1124RD/7,10,endurasport_us
E1125BK/3,10,endurasport_us
E1125BK/4,10,endurasport_us
E1125BK/5,10,endurasport_us
E1125BK/6,10,endurasport_us
E1125BK/7,10,endurasport_us
E1125CM/3,10,endurasport_us
E1125CM/5,10,endurasport_us
E1125CM/6,10,endurasport_us
E1125CM/7,10,endurasport_us
E1125MB/3,10,endurasport_us
E1125MB/4,10,endurasport_us
E1125MB/5,10,endurasport_us
E1125MB/6,10,endurasport_us
E1125MB/7,10,endurasport_us
E1125MY/3,10,endurasport_us
E1125MY/4,10,endurasport_us
E1125MY/5,10,endurasport_us
E1125MY/6,10,endurasport_us
E1125MY/7,10,endurasport_us
E1125PT/3,10,endurasport_us
E1125PT/5,10,endurasport_us
E1125PT/6,10,endurasport_us
E1125PT/7,10,endurasport_us
E1125RD/3,10,endurasport_us
E1125RD/4,10,endurasport_us
E1125RD/5,10,endurasport_us
E1125RD/6,10,endurasport_us
E1125RD/7,10,endurasport_us
E1128BK/S-M,10,endurasport_us
E1128BK/L-XL,10,endurasport_us
E1128WH/S-M,10,endurasport_us
E1128WH/L-XL,10,endurasport_us
E1129BK/0,10,endurasport_us
E1129WH/0,10,endurasport_us
E1130WH/S-M,10,endurasport_us
E1130WH/L-XL,10,endurasport_us
E1131BK/S-M,10,endurasport_us
E1131BK/L-XL,10,endurasport_us
E1132BK/S-M,10,endurasport_us
E1132BK/L-XL,10,endurasport_us
E1132WH/S-M,10,endurasport_us
E1132WH/L-XL,10,endurasport_us
E1133BK/S-M,10,endurasport_us
E1133BK/L-XL,10,endurasport_us
E1134BK/0,10,endurasport_us
E1134BU/0,10,endurasport_us
E1134KG/0,10,endurasport_us
E1135BK/0,10,endurasport_us
E1136BK/0,10,endurasport_us
E1137BK/0,10,endurasport_us
E1137WH/0,10,endurasport_us
E1138BK/0,10,endurasport_us
E1138RD/0,10,endurasport_us
E1138WH/0,10,endurasport_us
E1143BK/0,10,endurasport_us
E1143BU/0,10,endurasport_us
E1143KG/0,10,endurasport_us
E1144BK/0,10,endurasport_us
E1145BK/2,10,endurasport_us
E1145BK/3,10,endurasport_us
E1145BK/4,10,endurasport_us
E1145BK/5,10,endurasport_us
E1145BK/6,10,endurasport_us
E1145BK/7,10,endurasport_us
E1145GV/2,10,endurasport_us
E1145GV/3,10,endurasport_us
E1145GV/4,10,endurasport_us
E1145GV/5,10,endurasport_us
E1145GV/6,10,endurasport_us
E1145GV/7,10,endurasport_us
E1146BK/S-M,10,endurasport_us
E1146BK/L-XL,10,endurasport_us
E1148BK/4,10,endurasport_us
E1149BK/0,10,endurasport_us
E1150BK/0,10,endurasport_us
E1151BK/3,10,endurasport_us
E1152BK/3,10,endurasport_us
E1152BK/4,10,endurasport_us
E1152BK/5,10,endurasport_us
E1152BK/6,10,endurasport_us
E1152BK/7,10,endurasport_us
E1154BK/S-M,10,endurasport_us
E1154BK/M-L,10,endurasport_us
E1154BK/L-XL,10,endurasport_us
E1157BK/S-M,10,endurasport_us
E1157BK/L-XL,10,endurasport_us
E1158BK/S-M,10,endurasport_us
E1158BK/L-XL,10,endurasport_us
E1160BK/2,10,endurasport_us
E1160BK/3,10,endurasport_us
E1160BK/4,10,endurasport_us
E1160BK/5,10,endurasport_us
E1160BK/6,10,endurasport_us
E1160BK/7,10,endurasport_us
E1160KH/2,10,endurasport_us
E1160KH/3,10,endurasport_us
E1160KH/4,10,endurasport_us
E1160KH/5,10,endurasport_us
E1160KH/6,10,endurasport_us
E1160KH/7,10,endurasport_us
E1160RD/2,10,endurasport_us
E1160RD/3,10,endurasport_us
E1160RD/4,10,endurasport_us
E1160RD/5,10,endurasport_us
E1160RD/6,10,endurasport_us
E1160RD/7,10,endurasport_us
E1161BK/2,10,endurasport_us
E1161BK/3,10,endurasport_us
E1161BK/4,10,endurasport_us
E1161BK/5,10,endurasport_us
E1161BK/6,10,endurasport_us
E1161BK/7,10,endurasport_us
E1161RD/2,10,endurasport_us
E1161RD/3,10,endurasport_us
E1161RD/4,10,endurasport_us
E1161RD/5,10,endurasport_us
E1161RD/6,10,endurasport_us
E1161RD/7,10,endurasport_us
E1162BK/2,10,endurasport_us
E1162BK/3,10,endurasport_us
E1162BK/4,10,endurasport_us
E1162BK/5,10,endurasport_us
E1162BK/6,10,endurasport_us
E1162BK/7,10,endurasport_us
E1165BK/3,10,endurasport_us
E1165BK/4,10,endurasport_us
E1165BK/5,10,endurasport_us
E1165BK/6,10,endurasport_us
E1165BK/7,10,endurasport_us
E1165GV/2,10,endurasport_us
E1165GV/3,10,endurasport_us
E1165GV/4,10,endurasport_us
E1165GV/5,10,endurasport_us
E1165GV/6,10,endurasport_us
E1165GV/7,10,endurasport_us
E1165OC/4,10,endurasport_us
E1165OC/5,10,endurasport_us
E1165RD/2,10,endurasport_us
E1165RD/3,10,endurasport_us
E1165RD/4,10,endurasport_us
E1165RD/5,10,endurasport_us
E1165RD/6,10,endurasport_us
E1165RD/7,10,endurasport_us
E1166BK/2,10,endurasport_us
E1166BK/3,10,endurasport_us
E1166BK/4,10,endurasport_us
E1166BK/5,10,endurasport_us
E1166BK/6,10,endurasport_us
E1166BK/7,10,endurasport_us
E1166GV/2,10,endurasport_us
E1166GV/3,10,endurasport_us
E1166GV/4,10,endurasport_us
E1166GV/5,10,endurasport_us
E1166GV/6,10,endurasport_us
E1166GV/7,10,endurasport_us
E1166RD/2,10,endurasport_us
E1166RD/3,10,endurasport_us
E1166RD/4,10,endurasport_us
E1166RD/5,10,endurasport_us
E1166RD/6,10,endurasport_us
E1166RD/7,10,endurasport_us
E1166WH/2,10,endurasport_us
E1166WH/3,10,endurasport_us
E1166WH/4,10,endurasport_us
E1166WH/5,10,endurasport_us
E1166WH/6,10,endurasport_us
E1166WH/7,10,endurasport_us
E1167BK/2,10,endurasport_us
E1167BK/3,10,endurasport_us
E1167BK/4,10,endurasport_us
E1167BK/5,10,endurasport_us
E1167BK/6,10,endurasport_us
E1167BK/7,10,endurasport_us
E1167RD/2,10,endurasport_us
E1167RD/3,10,endurasport_us
E1167WH/3,10,endurasport_us
E1167WH/4,10,endurasport_us
E1167WH/5,10,endurasport_us
E1167WH/6,10,endurasport_us
E1167WH/7,10,endurasport_us
E1168BK/3,10,endurasport_us
E1168BK/4,10,endurasport_us
E1168BK/5,10,endurasport_us
E1168BK/6,10,endurasport_us
E1168BK/7,10,endurasport_us
E1168MY/4,10,endurasport_us
E1168MY/5,10,endurasport_us
E1168MY/6,10,endurasport_us
E1168MY/7,10,endurasport_us
E1168NA/3,10,endurasport_us
E1168NA/4,10,endurasport_us
E1168NA/5,10,endurasport_us
E1168NA/6,10,endurasport_us
E1168NA/7,10,endurasport_us
E1168PT/4,10,endurasport_us
E1168PT/5,10,endurasport_us
E1168PT/6,10,endurasport_us
E1168PT/7,10,endurasport_us
E1170BK/0,10,endurasport_us
E1170GY/0,10,endurasport_us
E1170YV/0,10,endurasport_us
E1171BK/0,10,endurasport_us
E1171WH/0,10,endurasport_us
E1172BK/S-M,10,endurasport_us
E1172BK/L-XL,10,endurasport_us
E1172MY/S-M,10,endurasport_us
E1172MY/L-XL,10,endurasport_us
E1172PT/S-M,10,endurasport_us
E1172PT/L-XL,10,endurasport_us
E1173CO/0,10,endurasport_us
E1173MY/0,10,endurasport_us
E1174BK/0,10,endurasport_us
E1174GY/0,10,endurasport_us
E1174PT/0,10,endurasport_us
E1175NA/S-M,10,endurasport_us
E1175NA/L-XL,10,endurasport_us
E1176BK/S-M,10,endurasport_us
E1176BK/L-XL,10,endurasport_us
E1177WH/S-M,10,endurasport_us
E1177WH/L-XL,10,endurasport_us
E1178WH/0,10,endurasport_us
E1179BK/0,10,endurasport_us
E1180DM/0,10,endurasport_us
E1189GY/0,10,endurasport_us
E1190KH/0,10,endurasport_us
E1191NA/0,10,endurasport_us
E1192BK/0,10,endurasport_us
E1192NA/0,10,endurasport_us
E1192OR/0,10,endurasport_us
E1193BK/0,10,endurasport_us
E1194BU/S-M,10,endurasport_us
E1194BU/L-XL,10,endurasport_us
E1301BK/3,10,endurasport_us
E1301BK/4,10,endurasport_us
E1301BK/5,10,endurasport_us
E1301BK/6,10,endurasport_us
E1301BK/7,10,endurasport_us
E1501GV/S-M,10,endurasport_us
E1501GV/M-L,10,endurasport_us
E1501GV/L-XL,10,endurasport_us
E1501RD/L-XL,10,endurasport_us
E1501WH/S-M,10,endurasport_us
E1502MW/L-XL,10,endurasport_us
E1503RD/S-M,10,endurasport_us
E1503RD/M-L,10,endurasport_us
E1503RD/L-XL,10,endurasport_us
E1503WH/S-M,10,endurasport_us
E1503WH/M-L,10,endurasport_us
E1503WH/L-XL,10,endurasport_us
E1504BK/S-M,10,endurasport_us
E1504BK/M-L,10,endurasport_us
E1504BK/L-XL,10,endurasport_us
E1504GV/S-M,10,endurasport_us
E1504GV/M-L,10,endurasport_us
E1504GV/L-XL,10,endurasport_us
E1504YV/S-M,10,endurasport_us
E1504YV/L-XL,10,endurasport_us
E1505GV/S-M,10,endurasport_us
E1505GV/M-L,10,endurasport_us
E1505GV/L-XL,10,endurasport_us
E1505GY/S-M,10,endurasport_us
E1505GY/M-L,10,endurasport_us
E1505GY/L-XL,10,endurasport_us
E1505MB/S-M,10,endurasport_us
E1505MB/M-L,10,endurasport_us
E1505MB/L-XL,10,endurasport_us
E1505OR/S-M,10,endurasport_us
E1505OR/M-L,10,endurasport_us
E1505OR/L-XL,10,endurasport_us
E1505WH/S-M,10,endurasport_us
E1505WH/M-L,10,endurasport_us
E1505WH/L-XL,10,endurasport_us
E1506BK/S-M,10,endurasport_us
E1506BK/L-XL,10,endurasport_us
E1506NA/S-M,10,endurasport_us
E1506NA/M-L,10,endurasport_us
E1506NA/L-XL,10,endurasport_us
E1506OM/S-M,10,endurasport_us
E1506OM/M-L,10,endurasport_us
E1506OM/L-XL,10,endurasport_us
E1506WH/S-M,10,endurasport_us
E1506WH/L-XL,10,endurasport_us
E1511BK/S-M,10,endurasport_us
E1511BK/M-L,10,endurasport_us
E1511BK/L-XL,10,endurasport_us
E1511PT/S-M,10,endurasport_us
E1511PT/M-L,10,endurasport_us
E1511PT/L-XL,10,endurasport_us
E1511WH/S-M,10,endurasport_us
E1511WH/M-L,10,endurasport_us
E1511WH/L-XL,10,endurasport_us
E1512BK/S-M,10,endurasport_us
E1512BK/M-L,10,endurasport_us
E1512BK/L-XL,10,endurasport_us
E1512BV/S-M,10,endurasport_us
E1512BV/M-L,10,endurasport_us
E1512BV/L-XL,10,endurasport_us
E1512WH/S-M,10,endurasport_us
E1512WH/M-L,10,endurasport_us
E1512WH/L-XL,10,endurasport_us
E1513BK/S-M,10,endurasport_us
E1513BK/M-L,10,endurasport_us
E1513BK/L-XL,10,endurasport_us
E1513GV/S-M,10,endurasport_us
E1513GV/M-L,10,endurasport_us
E1513GV/L-XL,10,endurasport_us
E1513WH/S-M,10,endurasport_us
E1513WH/M-L,10,endurasport_us
E1513WH/L-XL,10,endurasport_us
E1599BK,10,endurasport_us
E2009/2,10,endurasport_us
E2009/3,10,endurasport_us
E2009/4,10,endurasport_us
E2009/5,10,endurasport_us
E2010BK/2,10,endurasport_us
E2010BK/3,10,endurasport_us
E2010BK/4,10,endurasport_us
E2010BK/5,10,endurasport_us
E2010BK/6,10,endurasport_us
E2013BK/3,10,endurasport_us
E2013BK/4,10,endurasport_us
E2013BK/5,10,endurasport_us
E2013BK/6,10,endurasport_us
E2013BK/7,10,endurasport_us
E3013/3,10,endurasport_us
E3013/4,10,endurasport_us
E3013/5,10,endurasport_us
E3013/6,10,endurasport_us
E3013UM/3,10,endurasport_us
E3013UM/4,10,endurasport_us
E3015/3,10,endurasport_us
E3015/4,10,endurasport_us
E3015/5,10,endurasport_us
E3015/7,10,endurasport_us
E3022/4,10,endurasport_us
E3022/5,10,endurasport_us
E3022/6,10,endurasport_us
E3022/7,10,endurasport_us
E3025/3,10,endurasport_us
E3025/4,10,endurasport_us
E3025/5,10,endurasport_us
E3025/6,10,endurasport_us
E3025/7,10,endurasport_us
E3029/3,10,endurasport_us
E3029/4,10,endurasport_us
E3029/5,10,endurasport_us
E3029/6,10,endurasport_us
E3029/7,10,endurasport_us
E3029OR/3,10,endurasport_us
E3029OR/4,10,endurasport_us
E3029OR/5,10,endurasport_us
E3029OR/6,10,endurasport_us
E3029OR/7,10,endurasport_us
E3029UM/6,10,endurasport_us
E3032/3,10,endurasport_us
E3032/5,10,endurasport_us
E3032/6,10,endurasport_us
E3032/7,10,endurasport_us
E3036W/3,10,endurasport_us
E3050Y/5,10,endurasport_us
E3050Y/6,10,endurasport_us
E3050Y/7,10,endurasport_us
E3051W/3,10,endurasport_us
E3051W/5,10,endurasport_us
E3054BK/2,10,endurasport_us
E3054BK/3,10,endurasport_us
E3054BK/4,10,endurasport_us
E3054BK/5,10,endurasport_us
E3054PU/2,10,endurasport_us
E3054PU/3,10,endurasport_us
E3054PU/4,10,endurasport_us
E3054PU/5,10,endurasport_us
E3057BK/2,10,endurasport_us
E3057BK/6,10,endurasport_us
E3057YV/3,10,endurasport_us
E3057YV/7,10,endurasport_us
E3061W/2,10,endurasport_us
E3061W/3,10,endurasport_us
E3061W/4,10,endurasport_us
E3061W/5,10,endurasport_us
E3061W/6,10,endurasport_us
E3061W/7,10,endurasport_us
E3063W/2,10,endurasport_us
E3063W/3,10,endurasport_us
E3063W/4,10,endurasport_us
E3063W/5,10,endurasport_us
E3063W/6,10,endurasport_us
E3063W/7,10,endurasport_us
E3064BK/3,10,endurasport_us
E3064WH/3,10,endurasport_us
E3064WH/4,10,endurasport_us
E3064WH/5,10,endurasport_us
E3064WH/6,10,endurasport_us
E3064WH/7,10,endurasport_us
E3065R/3,10,endurasport_us
E3065R/4,10,endurasport_us
E3066R/4,10,endurasport_us
E3066R/5,10,endurasport_us
E3066R/6,10,endurasport_us
E3066W/5,10,endurasport_us
E3066W/6,10,endurasport_us
E3066W/7,10,endurasport_us
E3067BK/3,10,endurasport_us
E3067BK/4,10,endurasport_us
E3067BK/5,10,endurasport_us
E3067BK/6,10,endurasport_us
E3067R/3,10,endurasport_us
E3067R/4,10,endurasport_us
E3067R/6,10,endurasport_us
E3067R/7,10,endurasport_us
E3068BK/4,10,endurasport_us
E3068GV/4,10,endurasport_us
E3068R/3,10,endurasport_us
E3069BK/3,10,endurasport_us
E3069BK/4,10,endurasport_us
E3069BK/5,10,endurasport_us
E3069BK/6,10,endurasport_us
E3069BK/7,10,endurasport_us
E3069OV/4,10,endurasport_us
E3069OV/5,10,endurasport_us
E3069OV/6,10,endurasport_us
E3069OV/7,10,endurasport_us
E3070WH/S-M,10,endurasport_us
E3070WH/L-XL,10,endurasport_us
E3072BK/3,10,endurasport_us
E3072BK/4,10,endurasport_us
E3072BK/5,10,endurasport_us
E3072BK/6,10,endurasport_us
E3072BK/7,10,endurasport_us
E3073BK/3,10,endurasport_us
E3073BK/4,10,endurasport_us
E3073BK/5,10,endurasport_us
E3073BK/6,10,endurasport_us
E3075WH/3,10,endurasport_us
E3075WH/4,10,endurasport_us
E3075WH/5,10,endurasport_us
E3075WH/6,10,endurasport_us
E3075WH/7,10,endurasport_us
E3076GN/3,10,endurasport_us
E3076GN/4,10,endurasport_us
E3077GN/3,10,endurasport_us
E3077GN/6,10,endurasport_us
E3077UM/6,10,endurasport_us
E3078BK/3,10,endurasport_us
E3078BK/4,10,endurasport_us
E3078BK/5,10,endurasport_us
E3078BK/6,10,endurasport_us
E3078BK/7,10,endurasport_us
E3079BK/4,10,endurasport_us
E3079BK/6,10,endurasport_us
E3079BK/7,10,endurasport_us
E3080BK/3,10,endurasport_us
E3080BK/4,10,endurasport_us
E3080BK/5,10,endurasport_us
E3080BK/6,10,endurasport_us
E3080BK/7,10,endurasport_us
E3081BK/4,10,endurasport_us
E3081BK/5,10,endurasport_us
E3081BK/6,10,endurasport_us
E3081RD/4,10,endurasport_us
E3084RD/3,10,endurasport_us
E3084RD/4,10,endurasport_us
E3084RD/5,10,endurasport_us
E3084RD/6,10,endurasport_us
E3084RD/7,10,endurasport_us
E3084UM/3,10,endurasport_us
E3084UM/4,10,endurasport_us
E3084UM/5,10,endurasport_us
E3084UM/6,10,endurasport_us
E3084UM/7,10,endurasport_us
E3085BK/2,10,endurasport_us
E3085KG/3,10,endurasport_us
E3085KG/4,10,endurasport_us
E3085KG/6,10,endurasport_us
E3085RD/2,10,endurasport_us
E3085RD/3,10,endurasport_us
E3085RD/4,10,endurasport_us
E3085RD/7,10,endurasport_us
E3085RD/8,10,endurasport_us
E3085UM/3,10,endurasport_us
E3085WH/3,10,endurasport_us
E3085WH/5,10,endurasport_us
E3085WH/6,10,endurasport_us
E3089BK/3,10,endurasport_us
E3089RD/3,10,endurasport_us
E3089RD/4,10,endurasport_us
E3091BK/3,10,endurasport_us
E3091BK/4,10,endurasport_us
E3091BK/5,10,endurasport_us
E3091BK/6,10,endurasport_us
E3091BK/7,10,endurasport_us
E3094BK/7,10,endurasport_us
E3094GV/4,10,endurasport_us
E3094GV/6,10,endurasport_us
E3096BK/4,10,endurasport_us
E3096BK/5,10,endurasport_us
E3096BK/6,10,endurasport_us
E3096BK/7,10,endurasport_us
E3097BK/3,10,endurasport_us
E3097BK/4,10,endurasport_us
E3097BK/5,10,endurasport_us
E3097BK/6,10,endurasport_us
E3097OC/3,10,endurasport_us
E3097OC/4,10,endurasport_us
E3097OC/5,10,endurasport_us
E3097OC/6,10,endurasport_us
E3097OC/7,10,endurasport_us
E3099NA/3,10,endurasport_us
E3099NA/4,10,endurasport_us
E3099NA/5,10,endurasport_us
E3099NA/6,10,endurasport_us
E3099NA/7,10,endurasport_us
E3100WH/3,10,endurasport_us
E3100WH/4,10,endurasport_us
E3100WH/5,10,endurasport_us
E3100WH/6,10,endurasport_us
E3100WH/7,10,endurasport_us
E3101BK/3,10,endurasport_us
E3101BK/4,10,endurasport_us
E3101BK/5,10,endurasport_us
E3101BK/6,10,endurasport_us
E3101BK/7,10,endurasport_us
E3101RD/3,10,endurasport_us
E3101RD/4,10,endurasport_us
E3101RD/5,10,endurasport_us
E3101RD/6,10,endurasport_us
E3101RD/7,10,endurasport_us
E3102GV/2,10,endurasport_us
E3102RD/2,10,endurasport_us
E3102WH/2,10,endurasport_us
E3103BK/3,10,endurasport_us
E3103BK/4,10,endurasport_us
E3103BK/5,10,endurasport_us
E3103BK/6,10,endurasport_us
E3103BK/7,10,endurasport_us
E3104RD/3,10,endurasport_us
E3104RD/4,10,endurasport_us
E3104RD/5,10,endurasport_us
E3104RD/6,10,endurasport_us
E3104RD/7,10,endurasport_us
E3104YV/4,10,endurasport_us
E3104YV/5,10,endurasport_us
E3104YV/6,10,endurasport_us
E3106RD/3,10,endurasport_us
E3106RD/4,10,endurasport_us
E3106RD/5,10,endurasport_us
E3106RD/6,10,endurasport_us
E3106RD/7,10,endurasport_us
E3107BK/2,10,endurasport_us
E3107BK/3,10,endurasport_us
E3107BK/4,10,endurasport_us
E3107BK/5,10,endurasport_us
E3107BK/6,10,endurasport_us
E3107OC/3,10,endurasport_us
E3107OC/4,10,endurasport_us
E3107OC/5,10,endurasport_us
E3107OC/6,10,endurasport_us
E3107RD/3,10,endurasport_us
E3107RD/4,10,endurasport_us
E3107RD/5,10,endurasport_us
E3107RD/6,10,endurasport_us
E3108BK/3,10,endurasport_us
E3108BK/4,10,endurasport_us
E3108BK/5,10,endurasport_us
E3108BK/6,10,endurasport_us
E3108BK/7,10,endurasport_us
E3108GV/3,10,endurasport_us
E3108GV/4,10,endurasport_us
E3108GV/5,10,endurasport_us
E3108GV/6,10,endurasport_us
E3108GV/7,10,endurasport_us
E3108OC/3,10,endurasport_us
E3108OC/4,10,endurasport_us
E3108OC/5,10,endurasport_us
E3108OC/6,10,endurasport_us
E3108OC/7,10,endurasport_us
E3108RD/3,10,endurasport_us
E3108RD/4,10,endurasport_us
E3108RD/5,10,endurasport_us
E3108RD/6,10,endurasport_us
E3108RD/7,10,endurasport_us
E3109BK/2,10,endurasport_us
E3109BK/3,10,endurasport_us
E3109BK/4,10,endurasport_us
E3109BK/5,10,endurasport_us
E3109BK/6,10,endurasport_us
E3109BK/7,10,endurasport_us
E3109OC/2,10,endurasport_us
E3109OC/3,10,endurasport_us
E3109OC/4,10,endurasport_us
E3109OC/5,10,endurasport_us
E3109OC/6,10,endurasport_us
E3109OC/7,10,endurasport_us
E3109RD/2,10,endurasport_us
E3109RD/3,10,endurasport_us
E3109RD/4,10,endurasport_us
E3109RD/5,10,endurasport_us
E3109RD/6,10,endurasport_us
E3109RD/7,10,endurasport_us
E3109YV/3,10,endurasport_us
E3109YV/4,10,endurasport_us
E3109YV/5,10,endurasport_us
E3109YV/6,10,endurasport_us
E3109YV/7,10,endurasport_us
E3110NA/5,10,endurasport_us
E3113BK/3,10,endurasport_us
E3113BK/4,10,endurasport_us
E3113BK/5,10,endurasport_us
E3113BK/6,10,endurasport_us
E3113BK/7,10,endurasport_us
E3114BK/3,10,endurasport_us
E3114BK/4,10,endurasport_us
E3114BK/5,10,endurasport_us
E3114BK/6,10,endurasport_us
E3114BK/7,10,endurasport_us
E3115BK/3,10,endurasport_us
E3115BK/4,10,endurasport_us
E3115BK/5,10,endurasport_us
E3115BK/6,10,endurasport_us
E3115BK/7,10,endurasport_us
E3116BK/3,10,endurasport_us
E3116BK/4,10,endurasport_us
E3116BK/5,10,endurasport_us
E3116BK/6,10,endurasport_us
E3116BK/7,10,endurasport_us
E3119BK/3,10,endurasport_us
E3119BK/4,10,endurasport_us
E3119BK/5,10,endurasport_us
E3119BK/6,10,endurasport_us
E3119BK/7,10,endurasport_us
E3119NA/3,10,endurasport_us
E3119NA/4,10,endurasport_us
E3119NA/5,10,endurasport_us
E3119NA/6,10,endurasport_us
E3119NA/7,10,endurasport_us
E3120BK/3,10,endurasport_us
E3120BK/4,10,endurasport_us
E3120BK/5,10,endurasport_us
E3120BK/6,10,endurasport_us
E3120BK/7,10,endurasport_us
E3120WH/3,10,endurasport_us
E3120WH/4,10,endurasport_us
E3120WH/5,10,endurasport_us
E3120WH/6,10,endurasport_us
E3120WH/7,10,endurasport_us
E3123BK/3,10,endurasport_us
E3123BK/4,10,endurasport_us
E3123BK/5,10,endurasport_us
E3123BK/6,10,endurasport_us
E3123BK/7,10,endurasport_us
E3123KH/3,10,endurasport_us
E3123KH/4,10,endurasport_us
E3123KH/5,10,endurasport_us
E3123KH/6,10,endurasport_us
E3123KH/7,10,endurasport_us
E3125BK/3,10,endurasport_us
E3125BK/4,10,endurasport_us
E3125BK/5,10,endurasport_us
E3125BK/6,10,endurasport_us
E3125BK/7,10,endurasport_us
E3125KH/3,10,endurasport_us
E3125KH/4,10,endurasport_us
E3125RD/3,10,endurasport_us
E3125RD/4,10,endurasport_us
E3125RD/5,10,endurasport_us
E3125RD/6,10,endurasport_us
E3125RD/7,10,endurasport_us
E3125RD/8,10,endurasport_us
E3132BK/5,10,endurasport_us
E3132BV/3,10,endurasport_us
E3132BV/4,10,endurasport_us
E3132BV/5,10,endurasport_us
E3132BV/6,10,endurasport_us
E3132BV/7,10,endurasport_us
E3132MY/2,10,endurasport_us
E3132MY/4,10,endurasport_us
E3132MY/5,10,endurasport_us
E3132MY/6,10,endurasport_us
E3132MY/7,10,endurasport_us
E3132NA/2,10,endurasport_us
E3132NA/3,10,endurasport_us
E3132NA/4,10,endurasport_us
E3132NA/5,10,endurasport_us
E3132NA/6,10,endurasport_us
E3132NA/7,10,endurasport_us
E3132RD/2,10,endurasport_us
E3132RD/3,10,endurasport_us
E3132RD/4,10,endurasport_us
E3132RD/5,10,endurasport_us
E3132RD/6,10,endurasport_us
E3132RD/7,10,endurasport_us
E3133GY/2,10,endurasport_us
E3133GY/3,10,endurasport_us
E3133GY/4,10,endurasport_us
E3133GY/5,10,endurasport_us
E3133GY/6,10,endurasport_us
E3133GY/7,10,endurasport_us
E3134BK/3,10,endurasport_us
E3134BK/4,10,endurasport_us
E3134BK/5,10,endurasport_us
E3134BK/6,10,endurasport_us
E3134BK/7,10,endurasport_us
E3134GV/3,10,endurasport_us
E3134GV/4,10,endurasport_us
E3134GV/5,10,endurasport_us
E3134GV/6,10,endurasport_us
E3134GV/7,10,endurasport_us
E3134RD/3,10,endurasport_us
E3134RD/4,10,endurasport_us
E3134RD/5,10,endurasport_us
E3134RD/6,10,endurasport_us
E3134RD/7,10,endurasport_us
E3135BK/3,10,endurasport_us
E3135BK/4,10,endurasport_us
E3135BK/5,10,endurasport_us
E3135BK/6,10,endurasport_us
E3135BK/7,10,endurasport_us
E3135NA/4,10,endurasport_us
E3135NA/5,10,endurasport_us
E3135NA/6,10,endurasport_us
E3135NA/7,10,endurasport_us
E3136BK/4,10,endurasport_us
E3136BK/5,10,endurasport_us
E3136BK/6,10,endurasport_us
E3136PT/5,10,endurasport_us
E3138GY/3,10,endurasport_us
E3138GY/4,10,endurasport_us
E3138GY/5,10,endurasport_us
E3138GY/6,10,endurasport_us
E3138GY/7,10,endurasport_us
E3138PT/3,10,endurasport_us
E3138PT/4,10,endurasport_us
E3138PT/5,10,endurasport_us
E3138PT/6,10,endurasport_us
E3138PT/7,10,endurasport_us
E3139BK/3,10,endurasport_us
E3139BK/4,10,endurasport_us
E3139BK/5,10,endurasport_us
E3139BK/6,10,endurasport_us
E3139BK/7,10,endurasport_us
E3139RD/3,10,endurasport_us
E3139RD/4,10,endurasport_us
E3139RD/5,10,endurasport_us
E3139RD/6,10,endurasport_us
E3139RD/7,10,endurasport_us
E3140BK/3,10,endurasport_us
E3140BK/4,10,endurasport_us
E3140BK/5,10,endurasport_us
E3140BK/6,10,endurasport_us
E3140BK/7,10,endurasport_us
E3140OC/3,10,endurasport_us
E3140OC/5,10,endurasport_us
E3140OC/6,10,endurasport_us
E3140RD/3,10,endurasport_us
E3140RD/4,10,endurasport_us
E3140RD/5,10,endurasport_us
E3141BK/2,10,endurasport_us
E3141BK/6,10,endurasport_us
E3141BK/7,10,endurasport_us
E3141MY/2,10,endurasport_us
E3141MY/3,10,endurasport_us
E3141MY/4,10,endurasport_us
E3141MY/5,10,endurasport_us
E3141MY/6,10,endurasport_us
E3141MY/7,10,endurasport_us
E3142BK/3,10,endurasport_us
E3142BK/4,10,endurasport_us
E3142BK/5,10,endurasport_us
E3142BK/6,10,endurasport_us
E3142BK/7,10,endurasport_us
E3142GV/3,10,endurasport_us
E3142GV/4,10,endurasport_us
E3142GV/5,10,endurasport_us
E3142GV/6,10,endurasport_us
E3142GV/7,10,endurasport_us
E3142RD/3,10,endurasport_us
E3142RD/4,10,endurasport_us
E3142RD/5,10,endurasport_us
E3142RD/6,10,endurasport_us
E3142RD/7,10,endurasport_us
E3143AN/2,10,endurasport_us
E3143AN/5,10,endurasport_us
E3143AN/6,10,endurasport_us
E3144KH/3,10,endurasport_us
E3144KH/4,10,endurasport_us
E3144KH/5,10,endurasport_us
E3144KH/6,10,endurasport_us
E3144KH/7,10,endurasport_us
E3144NA/3,10,endurasport_us
E3144NA/4,10,endurasport_us
E3144NA/5,10,endurasport_us
E3144NA/6,10,endurasport_us
E3144NA/7,10,endurasport_us
E3145NA/5,10,endurasport_us
E3145NA/6,10,endurasport_us
E3146BK/4,10,endurasport_us
E3146BK/5,10,endurasport_us
E3149RD/5,10,endurasport_us
E3149RD/6,10,endurasport_us
E3151GY/6,10,endurasport_us
E3151NA/3,10,endurasport_us
E3151NA/4,10,endurasport_us
E3151NA/5,10,endurasport_us
E3151NA/6,10,endurasport_us
E3151NA/7,10,endurasport_us
E3152AN/3,10,endurasport_us
E3152AN/4,10,endurasport_us
E3152AN/5,10,endurasport_us
E3152AN/6,10,endurasport_us
E3152AN/7,10,endurasport_us
E3153MY/3,10,endurasport_us
E3153MY/4,10,endurasport_us
E3153MY/5,10,endurasport_us
E3153MY/6,10,endurasport_us
E3153MY/7,10,endurasport_us
E3154BU/3,10,endurasport_us
E3154BU/4,10,endurasport_us
E3154BU/5,10,endurasport_us
E3154BU/6,10,endurasport_us
E3154BU/7,10,endurasport_us
E3154GY/3,10,endurasport_us
E3154GY/4,10,endurasport_us
E3154GY/5,10,endurasport_us
E3154GY/6,10,endurasport_us
E3154GY/7,10,endurasport_us
E3155GY/3,10,endurasport_us
E3155GY/4,10,endurasport_us
E3155GY/5,10,endurasport_us
E3155GY/6,10,endurasport_us
E3155GY/7,10,endurasport_us
E3156BU/3,10,endurasport_us
E3156BU/4,10,endurasport_us
E3156BU/5,10,endurasport_us
E3156BU/6,10,endurasport_us
E3156BU/7,10,endurasport_us
E4013BK/3,10,endurasport_us
E4013BK/4,10,endurasport_us
E4013BK/5,10,endurasport_us
E4013BK/6,10,endurasport_us
E4013BK/7,10,endurasport_us
E4014BK/3,10,endurasport_us
E4014BK/4,10,endurasport_us
E4014BK/5,10,endurasport_us
E4014BK/6,10,endurasport_us
E4014BK/7,10,endurasport_us
E4014BK/8,10,endurasport_us
E4014RD/3,10,endurasport_us
E4014RD/4,10,endurasport_us
E4014RD/5,10,endurasport_us
E4014RD/6,10,endurasport_us
E4014RD/7,10,endurasport_us
E4015BK/3,10,endurasport_us
E4015BK/4,10,endurasport_us
E4015BK/6,10,endurasport_us
E4015BK/7,10,endurasport_us
E4018BK/2,10,endurasport_us
E4018BK/6,10,endurasport_us
E4027BK/3,10,endurasport_us
E4027BK/4,10,endurasport_us
E4027BK/5,10,endurasport_us
E4027BK/6,10,endurasport_us
E4027BK/7,10,endurasport_us
E4028BK/2,10,endurasport_us
E4028BK/3,10,endurasport_us
E4028BK/4,10,endurasport_us
E4028BK/5,10,endurasport_us
E4028BK/6,10,endurasport_us
E4028BK/7,10,endurasport_us
E4029BK/3,10,endurasport_us
E4029BK/4,10,endurasport_us
E4029BK/5,10,endurasport_us
E4029BK/6,10,endurasport_us
E4029BK/7,10,endurasport_us
E4029RD/3,10,endurasport_us
E4029RD/4,10,endurasport_us
E4029RD/5,10,endurasport_us
E4029RD/6,10,endurasport_us
E4029RD/7,10,endurasport_us
E4030BK/2,10,endurasport_us
E4030BK/3,10,endurasport_us
E4030BK/4,10,endurasport_us
E4030BK/5,10,endurasport_us
E4030BK/6,10,endurasport_us
E4030BK/7,10,endurasport_us
E4031BK/2,10,endurasport_us
E4031BK/3,10,endurasport_us
E4031BK/4,10,endurasport_us
E4031BK/5,10,endurasport_us
E4031BK/6,10,endurasport_us
E4031BK/7,10,endurasport_us
E4032BK/2,10,endurasport_us
E4032BK/3,10,endurasport_us
E4032BK/4,10,endurasport_us
E4032BK/5,10,endurasport_us
E4032BK/6,10,endurasport_us
E4032BK/7,10,endurasport_us
E4033BK/3,10,endurasport_us
E4033BK/4,10,endurasport_us
E4033BK/5,10,endurasport_us
E4033BK/6,10,endurasport_us
E4033BK/7,10,endurasport_us
E4034BK/3,10,endurasport_us
E4034BK/4,10,endurasport_us
E4034BK/5,10,endurasport_us
E4034BK/6,10,endurasport_us
E4034BK/7,10,endurasport_us
E4035BK/3,10,endurasport_us
E4035BK/4,10,endurasport_us
E4035BK/5,10,endurasport_us
E4035BK/6,10,endurasport_us
E4035BK/7,10,endurasport_us
E4041BK/3,10,endurasport_us
E4041BK/4,10,endurasport_us
E4041BK/5,10,endurasport_us
E4041BK/6,10,endurasport_us
E4041BK/7,10,endurasport_us
E4042BK/2,10,endurasport_us
E4042BK/3,10,endurasport_us
E4042BK/4,10,endurasport_us
E4042BK/5,10,endurasport_us
E4042BK/6,10,endurasport_us
E4042BK/7,10,endurasport_us
E4043BK/3,10,endurasport_us
E4043BK/4,10,endurasport_us
E4043BK/5,10,endurasport_us
E4043BK/6,10,endurasport_us
E4043BK/7,10,endurasport_us
E4044BK/3,10,endurasport_us
E4044BK/4,10,endurasport_us
E4044BK/5,10,endurasport_us
E4044BK/6,10,endurasport_us
E4044BK/7,10,endurasport_us
E4045NA/4,10,endurasport_us
E4045NA/5,10,endurasport_us
E4045NA/6,10,endurasport_us
E4047WH/4,10,endurasport_us
E4047WH/5,10,endurasport_us
E4047WH/6,10,endurasport_us
E4047WH/7,10,endurasport_us
E5012/4,10,endurasport_us
E5012/5,10,endurasport_us
E5012/7,10,endurasport_us
E5019/3,10,endurasport_us
E5019/4,10,endurasport_us
E5019/5,10,endurasport_us
E5019/6,10,endurasport_us
E5019/7,10,endurasport_us
E5019P/3,10,endurasport_us
E5019P/4,10,endurasport_us
E5019P/5,10,endurasport_us
E5019P/6,10,endurasport_us
E5019P/7,10,endurasport_us
E5021BK/3,10,endurasport_us
E5021BK/4,10,endurasport_us
E5021BK/5,10,endurasport_us
E5021BK/6,10,endurasport_us
E5022BK/3,10,endurasport_us
E5022BK/4,10,endurasport_us
E5022BK/5,10,endurasport_us
E5022BK/6,10,endurasport_us
E5022BK/7,10,endurasport_us
E5023BK/3,10,endurasport_us
E5023BK/4,10,endurasport_us
E5023BK/5,10,endurasport_us
E5023BK/6,10,endurasport_us
E5023BK/7,10,endurasport_us
E5024BK/3,10,endurasport_us
E5024BK/4,10,endurasport_us
E5024BK/5,10,endurasport_us
E5024BK/6,10,endurasport_us
E5024BK/7,10,endurasport_us
E5027BK/4,10,endurasport_us
E5028BK/2,10,endurasport_us
E5028BK/3,10,endurasport_us
E5028BK/4,10,endurasport_us
E5028BK/5,10,endurasport_us
E5028BK/6,10,endurasport_us
E5029BK/2,10,endurasport_us
E5029BK/3,10,endurasport_us
E5029BK/4,10,endurasport_us
E5029BK/5,10,endurasport_us
E5032BK/2,10,endurasport_us
E5032BK/3,10,endurasport_us
E5032BK/4,10,endurasport_us
E5032BK/5,10,endurasport_us
E5032BK/6,10,endurasport_us
E5032WH/4,10,endurasport_us
E5033BK/2,10,endurasport_us
E5033BK/3,10,endurasport_us
E5033BK/4,10,endurasport_us
E5033BK/5,10,endurasport_us
E5034BK/2,10,endurasport_us
E5034BK/3,10,endurasport_us
E5034BK/4,10,endurasport_us
E5034BK/5,10,endurasport_us
E5034BK/6,10,endurasport_us
E5035BK/2,10,endurasport_us
E5035BK/3,10,endurasport_us
E5035BK/4,10,endurasport_us
E5035BK/5,10,endurasport_us
E5036BK/2,10,endurasport_us
E5036BK/3,10,endurasport_us
E5036BK/4,10,endurasport_us
E5036BK/5,10,endurasport_us
E5036BK/6,10,endurasport_us
E5037BK/2,10,endurasport_us
E5037BK/3,10,endurasport_us
E5037BK/4,10,endurasport_us
E5037BK/5,10,endurasport_us
E5038BK/2,10,endurasport_us
E5038BK/3,10,endurasport_us
E5038BK/4,10,endurasport_us
E5038BK/5,10,endurasport_us
E5038BK/6,10,endurasport_us
E5039BK/2,10,endurasport_us
E5039BK/3,10,endurasport_us
E5039BK/4,10,endurasport_us
E5039BK/5,10,endurasport_us
E5042BK/6,10,endurasport_us
E5042BK/7,10,endurasport_us
E5043BK/3,10,endurasport_us
E5043BK/4,10,endurasport_us
E5043BK/5,10,endurasport_us
E5043BK/6,10,endurasport_us
E5043BK/7,10,endurasport_us
E5044BK/2,10,endurasport_us
E5044BK/3,10,endurasport_us
E5044BK/4,10,endurasport_us
E5044BK/5,10,endurasport_us
E5044BK/6,10,endurasport_us
E5044BK/7,10,endurasport_us
E5045OC/2,10,endurasport_us
E5045OC/3,10,endurasport_us
E5045OC/4,10,endurasport_us
E5045OC/5,10,endurasport_us
E5045OC/6,10,endurasport_us
E5045YV/2,10,endurasport_us
E5045YV/3,10,endurasport_us
E5045YV/4,10,endurasport_us
E5045YV/5,10,endurasport_us
E5045YV/6,10,endurasport_us
E5046BK/2,10,endurasport_us
E5046BK/3,10,endurasport_us
E5046BK/4,10,endurasport_us
E5046BK/5,10,endurasport_us
E5046BK/6,10,endurasport_us
E5046BK/7,10,endurasport_us
E5049BK/3,10,endurasport_us
E5049BK/4,10,endurasport_us
E5049BK/5,10,endurasport_us
E5049BK/6,10,endurasport_us
E5049BK/7,10,endurasport_us
E5050BK/3,10,endurasport_us
E5050BK/4,10,endurasport_us
E5050BK/5,10,endurasport_us
E5050BK/6,10,endurasport_us
E5050BK/7,10,endurasport_us
E5051BK/2,10,endurasport_us
E5051BK/4,10,endurasport_us
E5051BK/5,10,endurasport_us
E5051BK/6,10,endurasport_us
E5052BK/3,10,endurasport_us
E5052BK/4,10,endurasport_us
E5052BK/5,10,endurasport_us
E5052BK/6,10,endurasport_us
E5052BK/7,10,endurasport_us
E5053BK/4,10,endurasport_us
E5053BK/5,10,endurasport_us
E5053BK/6,10,endurasport_us
E5054BK/2,10,endurasport_us
E5054BK/3,10,endurasport_us
E5054BK/4,10,endurasport_us
E5054BK/5,10,endurasport_us
E5054BK/6,10,endurasport_us
E5054BK/7,10,endurasport_us
E6020/2,10,endurasport_us
E6020/3,10,endurasport_us
E6020/4,10,endurasport_us
E6020/5,10,endurasport_us
E6020P/2,10,endurasport_us
E6020P/3,10,endurasport_us
E6020P/4,10,endurasport_us
E6020P/5,10,endurasport_us
E6032/2,10,endurasport_us
E6032/3,10,endurasport_us
E6032/4,10,endurasport_us
E6032/5,10,endurasport_us
E6032/6,10,endurasport_us
E6035BU/3,10,endurasport_us
E6035BU/4,10,endurasport_us
E6035BU/5,10,endurasport_us
E6035R/5,10,endurasport_us
E6036/5,10,endurasport_us
E6037/2,10,endurasport_us
E6037/6,10,endurasport_us
E6039/2,10,endurasport_us
E6039/3,10,endurasport_us
E6039/4,10,endurasport_us
E6039/5,10,endurasport_us
E6039/6,10,endurasport_us
E6039PU/2,10,endurasport_us
E6039PU/3,10,endurasport_us
E6039PU/4,10,endurasport_us
E6039PU/5,10,endurasport_us
E6039PU/6,10,endurasport_us
E6039W/2,10,endurasport_us
E6039W/3,10,endurasport_us
E6039W/4,10,endurasport_us
E6039W/5,10,endurasport_us
E6039W/6,10,endurasport_us
E6040BK/2,10,endurasport_us
E6040BK/3,10,endurasport_us
E6040BK/4,10,endurasport_us
E6040BK/5,10,endurasport_us
E6040YV/2,10,endurasport_us
E6040YV/3,10,endurasport_us
E6040YV/4,10,endurasport_us
E6040YV/5,10,endurasport_us
E6042BK/2,10,endurasport_us
E6042BK/3,10,endurasport_us
E6042BK/5,10,endurasport_us
E6042W/2,10,endurasport_us
E6042W/3,10,endurasport_us
E6043BK/3,10,endurasport_us
E6043BK/4,10,endurasport_us
E6047BK/2,10,endurasport_us
E6047BK/5,10,endurasport_us
E6047BK/6,10,endurasport_us
E6050PU/2,10,endurasport_us
E6050PU/4,10,endurasport_us
E6050PU/5,10,endurasport_us
E6050UM/2,10,endurasport_us
E6050UM/3,10,endurasport_us
E6051BK/2,10,endurasport_us
E6051BK/3,10,endurasport_us
E6051BK/5,10,endurasport_us
E6051BK/6,10,endurasport_us
E6051R/2,10,endurasport_us
E6051R/3,10,endurasport_us
E6051R/4,10,endurasport_us
E6051R/5,10,endurasport_us
E6051R/6,10,endurasport_us
E6051W/2,10,endurasport_us
E6051W/3,10,endurasport_us
E6051W/4,10,endurasport_us
E6051W/5,10,endurasport_us
E6051W/6,10,endurasport_us
E6060BK/2,10,endurasport_us
E6060BK/3,10,endurasport_us
E6060BK/4,10,endurasport_us
E6060BK/5,10,endurasport_us
E6061LL/2,10,endurasport_us
E6061LL/3,10,endurasport_us
E6061LL/4,10,endurasport_us
E6061LL/5,10,endurasport_us
E6061LL/6,10,endurasport_us
E6061MG/3,10,endurasport_us
E6061MG/4,10,endurasport_us
E6061MG/5,10,endurasport_us
E6061PV/1,10,endurasport_us
E6061PV/2,10,endurasport_us
E6061PV/3,10,endurasport_us
E6061PV/4,10,endurasport_us
E6061PV/5,10,endurasport_us
E6061PV/6,10,endurasport_us
E6061UM/2,10,endurasport_us
E6061UM/3,10,endurasport_us
E6061UM/4,10,endurasport_us
E6061UM/5,10,endurasport_us
E6061UM/6,10,endurasport_us
E6062BK/2,10,endurasport_us
E6062BK/3,10,endurasport_us
E6062BK/5,10,endurasport_us
E6062TL/2,10,endurasport_us
E6062TL/3,10,endurasport_us
E6062TL/4,10,endurasport_us
E6062TL/5,10,endurasport_us
E6062TL/6,10,endurasport_us
E6062WH/2,10,endurasport_us
E6062WH/3,10,endurasport_us
E6062WH/5,10,endurasport_us
E6062WH/6,10,endurasport_us
E6064BK/2,10,endurasport_us
E6064BK/3,10,endurasport_us
E6064BK/4,10,endurasport_us
E6064BK/5,10,endurasport_us
E6065BK/2,10,endurasport_us
E6065BK/3,10,endurasport_us
E6065BK/4,10,endurasport_us
E6065BK/5,10,endurasport_us
E6065UM/2,10,endurasport_us
E6065UM/3,10,endurasport_us
E6065UM/4,10,endurasport_us
E6065UM/5,10,endurasport_us
E6066BK/2,10,endurasport_us
E6066BK/3,10,endurasport_us
E6066BK/4,10,endurasport_us
E6067BK/2,10,endurasport_us
E6067BK/3,10,endurasport_us
E6067BK/4,10,endurasport_us
E6067BK/5,10,endurasport_us
E6067PV/2,10,endurasport_us
E6067PV/3,10,endurasport_us
E6067PV/4,10,endurasport_us
E6067PV/5,10,endurasport_us
E6068WH/4,10,endurasport_us
E6068WH/5,10,endurasport_us
E6069BK/2,10,endurasport_us
E6069BK/3,10,endurasport_us
E6069BK/4,10,endurasport_us
E6069BK/5,10,endurasport_us
E6069BK/6,10,endurasport_us
E6069PU/2,10,endurasport_us
E6069PU/3,10,endurasport_us
E6069PU/5,10,endurasport_us
E6069PV/2,10,endurasport_us
E6069PV/3,10,endurasport_us
E6069PV/5,10,endurasport_us
E6069UM/2,10,endurasport_us
E6069UM/5,10,endurasport_us
E6070PK/2,10,endurasport_us
E6070PK/3,10,endurasport_us
E6070PK/4,10,endurasport_us
E6070PK/5,10,endurasport_us
E6070TL/2,10,endurasport_us
E6070TL/3,10,endurasport_us
E6070TL/4,10,endurasport_us
E6070TL/5,10,endurasport_us
E6070WH/2,10,endurasport_us
E6070WH/3,10,endurasport_us
E6070WH/4,10,endurasport_us
E6071RD/2,10,endurasport_us
E6071RD/3,10,endurasport_us
E6071RD/4,10,endurasport_us
E6071RD/5,10,endurasport_us
E6071WH/2,10,endurasport_us
E6071WH/3,10,endurasport_us
E6071WH/4,10,endurasport_us
E6071WH/5,10,endurasport_us
E6071WH/6,10,endurasport_us
E6072RD/2,10,endurasport_us
E6072RD/3,10,endurasport_us
E6073BK/2,10,endurasport_us
E6073BK/3,10,endurasport_us
E6073BK/4,10,endurasport_us
E6073BK/5,10,endurasport_us
E6073WH/2,10,endurasport_us
E6073WH/3,10,endurasport_us
E6073WH/4,10,endurasport_us
E6073WH/5,10,endurasport_us
E6074CE/2,10,endurasport_us
E6074CE/3,10,endurasport_us
E6074CE/4,10,endurasport_us
E6074CE/5,10,endurasport_us
E6074CE/6,10,endurasport_us
E6074CR/2,10,endurasport_us
E6074CR/3,10,endurasport_us
E6074CR/4,10,endurasport_us
E6074CR/5,10,endurasport_us
E6074TL/2,10,endurasport_us
E6074TL/3,10,endurasport_us
E6074TL/4,10,endurasport_us
E6074TL/5,10,endurasport_us
E6074TL/6,10,endurasport_us
E6074WH/5,10,endurasport_us
E6074WH/6,10,endurasport_us
E6077RD/2,10,endurasport_us
E6077RD/3,10,endurasport_us
E6077RD/4,10,endurasport_us
E6077RD/5,10,endurasport_us
E6077WH/2,10,endurasport_us
E6077WH/3,10,endurasport_us
E6077WH/4,10,endurasport_us
E6077WH/5,10,endurasport_us
E6078BK/2,10,endurasport_us
E6078BK/3,10,endurasport_us
E6078BK/4,10,endurasport_us
E6078BK/5,10,endurasport_us
E6079PU/2,10,endurasport_us
E6079PU/3,10,endurasport_us
E6079PU/5,10,endurasport_us
E6079UM/2,10,endurasport_us
E6079UM/3,10,endurasport_us
E6079UM/4,10,endurasport_us
E6080RD/2,10,endurasport_us
E6080RD/3,10,endurasport_us
E6080RD/4,10,endurasport_us
E6080RD/5,10,endurasport_us
E6080TL/2,10,endurasport_us
E6080TL/3,10,endurasport_us
E6086BK/2,10,endurasport_us
E6086BK/3,10,endurasport_us
E6086BK/4,10,endurasport_us
E6086BK/5,10,endurasport_us
E6087RD/3,10,endurasport_us
E6090CE/1,10,endurasport_us
E6090CE/2,10,endurasport_us
E6090CE/3,10,endurasport_us
E6090CE/4,10,endurasport_us
E6090CE/5,10,endurasport_us
E6090TU/3,10,endurasport_us
E6090TU/4,10,endurasport_us
E6090TU/5,10,endurasport_us
E6090WH/1,10,endurasport_us
E6090WH/2,10,endurasport_us
E6090WH/3,10,endurasport_us
E6090WH/4,10,endurasport_us
E6090WH/5,10,endurasport_us
E6091BK/1,10,endurasport_us
E6091BK/2,10,endurasport_us
E6091BK/3,10,endurasport_us
E6091BK/4,10,endurasport_us
E6091BK/5,10,endurasport_us
E6091BK/6,10,endurasport_us
E6091BK/7,10,endurasport_us
E6092BK/2,10,endurasport_us
E6092BK/3,10,endurasport_us
E6092BK/4,10,endurasport_us
E6092BK/5,10,endurasport_us
E6093BK/2,10,endurasport_us
E6093BK/3,10,endurasport_us
E6093BK/4,10,endurasport_us
E6093BK/5,10,endurasport_us
E6094BK/2,10,endurasport_us
E6094BK/3,10,endurasport_us
E6094BK/4,10,endurasport_us
E6094BK/5,10,endurasport_us
E6096BK/1,10,endurasport_us
E6096BK/2,10,endurasport_us
E6096BK/3,10,endurasport_us
E6096BK/4,10,endurasport_us
E6096BK/5,10,endurasport_us
E6097BK/1,10,endurasport_us
E6097BK/2,10,endurasport_us
E6097BK/3,10,endurasport_us
E6097BK/4,10,endurasport_us
E6097BK/5,10,endurasport_us
E6098BK/3,10,endurasport_us
E6098BK/4,10,endurasport_us
E6098BK/5,10,endurasport_us
E6100BK/2,10,endurasport_us
E6100BK/3,10,endurasport_us
E6100BK/4,10,endurasport_us
E6100BK/5,10,endurasport_us
E6100RD/2,10,endurasport_us
E6100RD/3,10,endurasport_us
E6100RD/4,10,endurasport_us
E6100RD/5,10,endurasport_us
E6100TU/2,10,endurasport_us
E6100TU/3,10,endurasport_us
E6100TU/4,10,endurasport_us
E6100TU/5,10,endurasport_us
E6101BK/2,10,endurasport_us
E6101BK/3,10,endurasport_us
E6101BK/4,10,endurasport_us
E6101BK/5,10,endurasport_us
E6101TU/2,10,endurasport_us
E6101TU/3,10,endurasport_us
E6101TU/4,10,endurasport_us
E6101TU/5,10,endurasport_us
E6102BK/2,10,endurasport_us
E6102BK/3,10,endurasport_us
E6102BK/4,10,endurasport_us
E6102BK/5,10,endurasport_us
E6102TU/2,10,endurasport_us
E6102TU/3,10,endurasport_us
E6102TU/4,10,endurasport_us
E6102TU/5,10,endurasport_us
E6104BK/2,10,endurasport_us
E6104BK/3,10,endurasport_us
E6104BK/4,10,endurasport_us
E6104BK/5,10,endurasport_us
E6104BK/6,10,endurasport_us
E6104CE/2,10,endurasport_us
E6104CE/3,10,endurasport_us
E6104CE/4,10,endurasport_us
E6104CE/5,10,endurasport_us
E6104CE/6,10,endurasport_us
E6104CO/2,10,endurasport_us
E6104CO/3,10,endurasport_us
E6104CO/4,10,endurasport_us
E6104CO/5,10,endurasport_us
E6104CO/6,10,endurasport_us
E6105CE/2,10,endurasport_us
E6105CE/3,10,endurasport_us
E6105CE/4,10,endurasport_us
E6105CE/5,10,endurasport_us
E6105CE/6,10,endurasport_us
E6105WH/2,10,endurasport_us
E6105WH/3,10,endurasport_us
E6105WH/5,10,endurasport_us
E6105WH/6,10,endurasport_us
E6106BK/1,10,endurasport_us
E6106BK/2,10,endurasport_us
E6106BK/3,10,endurasport_us
E6106BK/4,10,endurasport_us
E6106BK/5,10,endurasport_us
E6106BK/6,10,endurasport_us
E6106PU/2,10,endurasport_us
E6106PU/3,10,endurasport_us
E6106PU/4,10,endurasport_us
E6106PU/5,10,endurasport_us
E6107BK/2,10,endurasport_us
E6107BK/4,10,endurasport_us
E6107BK/5,10,endurasport_us
E6108BK/2,10,endurasport_us
E6108BK/3,10,endurasport_us
E6108BK/6,10,endurasport_us
E6108TL/2,10,endurasport_us
E6108TL/3,10,endurasport_us
E6108TL/4,10,endurasport_us
E6108TL/5,10,endurasport_us
E6108TL/6,10,endurasport_us
E6109BK/2,10,endurasport_us
E6109BK/3,10,endurasport_us
E6109BK/4,10,endurasport_us
E6109PU/2,10,endurasport_us
E6109PU/3,10,endurasport_us
E6109PU/4,10,endurasport_us
E6109PU/5,10,endurasport_us
E6110BK/2,10,endurasport_us
E6110BK/3,10,endurasport_us
E6110BK/4,10,endurasport_us
E6110BK/5,10,endurasport_us
E6110BK/6,10,endurasport_us
E6110CO/2,10,endurasport_us
E6110CO/3,10,endurasport_us
E6110CO/4,10,endurasport_us
E6110CO/5,10,endurasport_us
E6110CR/2,10,endurasport_us
E6110CR/3,10,endurasport_us
E6110CR/4,10,endurasport_us
E6110CR/5,10,endurasport_us
E6110CR/6,10,endurasport_us
E6111BK/2,10,endurasport_us
E6111BK/3,10,endurasport_us
E6111BK/4,10,endurasport_us
E6111BK/5,10,endurasport_us
E6111BK/6,10,endurasport_us
E6111PU/2,10,endurasport_us
E6111PU/3,10,endurasport_us
E6111PU/4,10,endurasport_us
E6111PU/5,10,endurasport_us
E6111PU/6,10,endurasport_us
E6114CO/2,10,endurasport_us
E6114CO/3,10,endurasport_us
E6114CO/4,10,endurasport_us
E6114CO/5,10,endurasport_us
E6114CR/2,10,endurasport_us
E6114CR/3,10,endurasport_us
E6114CR/4,10,endurasport_us
E6114CR/5,10,endurasport_us
E6119CO/2,10,endurasport_us
E6119CO/3,10,endurasport_us
E6119CO/4,10,endurasport_us
E6119CO/5,10,endurasport_us
E6119MY/2,10,endurasport_us
E6119MY/3,10,endurasport_us
E6119MY/4,10,endurasport_us
E6119MY/5,10,endurasport_us
E6120BK/2,10,endurasport_us
E6120BK/3,10,endurasport_us
E6120BK/4,10,endurasport_us
E6120BK/5,10,endurasport_us
E6120PU/2,10,endurasport_us
E6120PU/3,10,endurasport_us
E6120PU/4,10,endurasport_us
E6120PU/5,10,endurasport_us
E6122BK/2,10,endurasport_us
E6122BK/3,10,endurasport_us
E6122BK/4,10,endurasport_us
E6122BK/5,10,endurasport_us
E6122CO/2,10,endurasport_us
E6122CO/3,10,endurasport_us
E6122CO/4,10,endurasport_us
E6122CO/5,10,endurasport_us
E6124BK/1,10,endurasport_us
E6124BK/2,10,endurasport_us
E6124BK/3,10,endurasport_us
E6124BK/4,10,endurasport_us
E6124BK/5,10,endurasport_us
E6124BK/6,10,endurasport_us
E6125BK/2,10,endurasport_us
E6125BK/3,10,endurasport_us
E6125BK/4,10,endurasport_us
E6125CO/2,10,endurasport_us
E6125CO/4,10,endurasport_us
E6125WH/2,10,endurasport_us
E6125WH/3,10,endurasport_us
E6125WH/4,10,endurasport_us
E6126BK/2,10,endurasport_us
E6126BK/3,10,endurasport_us
E6126BK/4,10,endurasport_us
E6126BK/5,10,endurasport_us
E6126BK/6,10,endurasport_us
E6126CE/4,10,endurasport_us
E6126CE/5,10,endurasport_us
E6126CE/6,10,endurasport_us
E6126CO/2,10,endurasport_us
E6126CO/3,10,endurasport_us
E6126CO/4,10,endurasport_us
E6126CO/5,10,endurasport_us
E6126CO/6,10,endurasport_us
E6126WH/2,10,endurasport_us
E6126WH/3,10,endurasport_us
E6126WH/4,10,endurasport_us
E6126WH/5,10,endurasport_us
E6126WH/6,10,endurasport_us
E6127BK/2,10,endurasport_us
E6127BK/3,10,endurasport_us
E6127BK/4,10,endurasport_us
E6127BK/5,10,endurasport_us
E6127BK/6,10,endurasport_us
E6127WH/2,10,endurasport_us
E6127WH/3,10,endurasport_us
E6127WH/4,10,endurasport_us
E6127WH/5,10,endurasport_us
E6127WH/6,10,endurasport_us
E6128NA/3,10,endurasport_us
E6129CO/3,10,endurasport_us
E6129CO/6,10,endurasport_us
E6130GY/2,10,endurasport_us
E6130GY/3,10,endurasport_us
E6130GY/4,10,endurasport_us
E6130GY/5,10,endurasport_us
E6131BK/2,10,endurasport_us
E6131BK/3,10,endurasport_us
E6131BK/4,10,endurasport_us
E6131BK/5,10,endurasport_us
E6131CO/2,10,endurasport_us
E6131CO/3,10,endurasport_us
E6131CO/4,10,endurasport_us
E6131CO/5,10,endurasport_us
E6132BK/1,10,endurasport_us
E6132BK/2,10,endurasport_us
E6132BK/3,10,endurasport_us
E6132BK/4,10,endurasport_us
E6132BK/5,10,endurasport_us
E6132BK/6,10,endurasport_us
E6133WH/3,10,endurasport_us
E6135DM/2,10,endurasport_us
E6135DM/3,10,endurasport_us
E6135DM/4,10,endurasport_us
E6135DM/5,10,endurasport_us
E6138DM/4,10,endurasport_us
E6138DM/5,10,endurasport_us
E6139BK/2,10,endurasport_us
E6139BK/3,10,endurasport_us
E6139BK/4,10,endurasport_us
E6139BK/5,10,endurasport_us
E6139BK/6,10,endurasport_us
E6140BK/2,10,endurasport_us
E6140BK/3,10,endurasport_us
E6140BK/4,10,endurasport_us
E6140BK/5,10,endurasport_us
E6140BK/6,10,endurasport_us
E6141BK/2,10,endurasport_us
E6141BK/3,10,endurasport_us
E6141BK/4,10,endurasport_us
E6141BK/5,10,endurasport_us
E6141BK/6,10,endurasport_us
E6142GY/2,10,endurasport_us
E7104BK/3,10,endurasport_us
E7104BK/4,10,endurasport_us
E7104BK/5,10,endurasport_us
E7105BK/3,10,endurasport_us
E7105BK/4,10,endurasport_us
E7105BK/5,10,endurasport_us
E7105BK/6,10,endurasport_us
E7105BK/7,10,endurasport_us
E7105ST/3,10,endurasport_us
E7105ST/4,10,endurasport_us
E7105ST/5,10,endurasport_us
E7105ST/6,10,endurasport_us
E7105ST/7,10,endurasport_us
E7107BK/2,10,endurasport_us
E7107BK/3,10,endurasport_us
E7107BK/4,10,endurasport_us
E7107BK/5,10,endurasport_us
E7107PU/2,10,endurasport_us
E7107PU/3,10,endurasport_us
E7107PU/4,10,endurasport_us
E7107PU/5,10,endurasport_us
E7107PU/6,10,endurasport_us
E7107ST/2,10,endurasport_us
E7107ST/3,10,endurasport_us
E7107ST/4,10,endurasport_us
E7107ST/5,10,endurasport_us
E7108PK/K7,10,endurasport_us
E7108PK/K9,10,endurasport_us
E7108PK/K11,10,endurasport_us
E7109BK/K7,10,endurasport_us
E7109BK/K9,10,endurasport_us
E7109BK/K11,10,endurasport_us
E7109PK/K7,10,endurasport_us
E7109PK/K9,10,endurasport_us
E7109PK/K11,10,endurasport_us
E7110BK/K7,10,endurasport_us
E7110BK/K11,10,endurasport_us
E7112BK/K7,10,endurasport_us
E7112BK/K9,10,endurasport_us
E7112BK/K11,10,endurasport_us
E7113GV/K7,10,endurasport_us
E7113GV/K9,10,endurasport_us
E7113GV/K11,10,endurasport_us
E7113PV/K7,10,endurasport_us
E7113PV/K9,10,endurasport_us
E7113PV/K11,10,endurasport_us
E7117BK/3,10,endurasport_us
E7117BK/4,10,endurasport_us
E7117BK/5,10,endurasport_us
E7117BK/6,10,endurasport_us
E7117BK/7,10,endurasport_us
E7117RD/3,10,endurasport_us
E7117RD/4,10,endurasport_us
E7117RD/5,10,endurasport_us
E7117RD/6,10,endurasport_us
E7117RD/7,10,endurasport_us
E7117WH/3,10,endurasport_us
E7117WH/4,10,endurasport_us
E7117WH/5,10,endurasport_us
E7117WH/6,10,endurasport_us
E7117WH/7,10,endurasport_us
E7118BK/3,10,endurasport_us
E7118BK/4,10,endurasport_us
E7118BK/5,10,endurasport_us
E7118BK/6,10,endurasport_us
E7118BK/7,10,endurasport_us
E7120BK/3,10,endurasport_us
E7120BK/4,10,endurasport_us
E7120BK/5,10,endurasport_us
E7120BK/6,10,endurasport_us
E7120BK/7,10,endurasport_us
E7121BK/K7,10,endurasport_us
E7121BK/K9,10,endurasport_us
E7121BK/K11,10,endurasport_us
E7121RD/K7,10,endurasport_us
E7121RD/K9,10,endurasport_us
E7121RD/K11,10,endurasport_us
E7121TL/K7,10,endurasport_us
E7121TL/K9,10,endurasport_us
E7122BK/K7,10,endurasport_us
E7122BK/K9,10,endurasport_us
E7122BK/K11,10,endurasport_us
E7122TL/K7,10,endurasport_us
E7122TL/K9,10,endurasport_us
E7122TL/K11,10,endurasport_us
E7123PU/K7,10,endurasport_us
E7123PU/K9,10,endurasport_us
E7123PU/K11,10,endurasport_us
E7123RD/K7,10,endurasport_us
E7123RD/K9,10,endurasport_us
E7123RD/K11,10,endurasport_us
E7124BK/3,10,endurasport_us
E7124BK/4,10,endurasport_us
E7124BK/5,10,endurasport_us
E7124TL/3,10,endurasport_us
E7124TL/4,10,endurasport_us
E7124TL/5,10,endurasport_us
E7125BK/3,10,endurasport_us
E7125BK/4,10,endurasport_us
E7125BK/5,10,endurasport_us
E7125BK/6,10,endurasport_us
E7125BK/7,10,endurasport_us
E7127BK/3,10,endurasport_us
E7127BK/4,10,endurasport_us
E7127BK/5,10,endurasport_us
E7127RD/4,10,endurasport_us
E7127RD/5,10,endurasport_us
E7128BK/0,10,endurasport_us
E7128GY/0,10,endurasport_us
E7129GY/K7,10,endurasport_us
E7129GY/K9,10,endurasport_us
E7129GY/K11,10,endurasport_us
E7129GY/K13,10,endurasport_us
E8006/3,10,endurasport_us
E8033ST/3,10,endurasport_us
E8033ST/5,10,endurasport_us
E8033ST/6,10,endurasport_us
E8033ST/7,10,endurasport_us
E8036ST/2,10,endurasport_us
E8036ST/3,10,endurasport_us
E8036ST/4,10,endurasport_us
E8036ST/5,10,endurasport_us
E8036ST/6,10,endurasport_us
E8040/3,10,endurasport_us
E8041/2,10,endurasport_us
E8041/3,10,endurasport_us
E8042BK/3,10,endurasport_us
E8042BK/4,10,endurasport_us
E8042BK/5,10,endurasport_us
E8042BK/6,10,endurasport_us
E8042BK/7,10,endurasport_us
E8046BK/2,10,endurasport_us
E8046BK/3,10,endurasport_us
E8046BK/4,10,endurasport_us
E8046BK/5,10,endurasport_us
E8051GY/6,10,endurasport_us
E8051GY/7,10,endurasport_us
E8052GN/3,10,endurasport_us
E8052GN/4,10,endurasport_us
E8052GN/5,10,endurasport_us
E8052GN/6,10,endurasport_us
E8052UM/3,10,endurasport_us
E8052UM/4,10,endurasport_us
E8052UM/5,10,endurasport_us
E8052UM/6,10,endurasport_us
E8052UM/7,10,endurasport_us
E8054BK/2,10,endurasport_us
E8054BK/3,10,endurasport_us
E8054PU/2,10,endurasport_us
E8054PU/3,10,endurasport_us
E8054PU/4,10,endurasport_us
E8054PU/5,10,endurasport_us
E8056BK/4,10,endurasport_us
E8056GN/3,10,endurasport_us
E8056GN/7,10,endurasport_us
E8057BK/2,10,endurasport_us
E8057BK/3,10,endurasport_us
E8057BK/4,10,endurasport_us
E8057BK/5,10,endurasport_us
E8057BK/6,10,endurasport_us
E8060BK/7,10,endurasport_us
E8062BK/2,10,endurasport_us
E8062BK/3,10,endurasport_us
E8062BK/4,10,endurasport_us
E8062BK/5,10,endurasport_us
E8062BK/6,10,endurasport_us
E8064BK/2,10,endurasport_us
E8064BK/3,10,endurasport_us
E8064BK/4,10,endurasport_us
E8064BK/5,10,endurasport_us
E8064BK/6,10,endurasport_us
E8064BK/7,10,endurasport_us
E8064BK/8,10,endurasport_us
E8064BK/9,10,endurasport_us
E8064CM/3,10,endurasport_us
E8064CM/4,10,endurasport_us
E8064CM/5,10,endurasport_us
E8064CM/6,10,endurasport_us
E8064CM/7,10,endurasport_us
E8064GY/2,10,endurasport_us
E8064GY/3,10,endurasport_us
E8064GY/4,10,endurasport_us
E8064GY/5,10,endurasport_us
E8064GY/6,10,endurasport_us
E8064GY/7,10,endurasport_us
E8064KH/5,10,endurasport_us
E8064KH/6,10,endurasport_us
E8064KH/7,10,endurasport_us
E8065BK/3,10,endurasport_us
E8065BK/4,10,endurasport_us
E8065BK/5,10,endurasport_us
E8065BK/6,10,endurasport_us
E8065BK/7,10,endurasport_us
E8065CM/4,10,endurasport_us
E8065CM/5,10,endurasport_us
E8065CM/6,10,endurasport_us
E8065CM/7,10,endurasport_us
E8065GY/3,10,endurasport_us
E8065GY/4,10,endurasport_us
E8065GY/5,10,endurasport_us
E8065GY/6,10,endurasport_us
E8065GY/7,10,endurasport_us
E8066BK/4,10,endurasport_us
E8066BK/5,10,endurasport_us
E8066BK/6,10,endurasport_us
E8066BK/7,10,endurasport_us
E8066CM/4,10,endurasport_us
E8066CM/5,10,endurasport_us
E8066CM/6,10,endurasport_us
E8066CM/7,10,endurasport_us
E8066KH/3,10,endurasport_us
E8066KH/4,10,endurasport_us
E8066KH/5,10,endurasport_us
E8066KH/6,10,endurasport_us
E8066KH/7,10,endurasport_us
E8067BK/3,10,endurasport_us
E8067BK/4,10,endurasport_us
E8067BK/5,10,endurasport_us
E8067BK/6,10,endurasport_us
E8067BK/7,10,endurasport_us
E8069BK/3,10,endurasport_us
E8069BK/4,10,endurasport_us
E8069BK/5,10,endurasport_us
E8069BK/6,10,endurasport_us
E8069BK/7,10,endurasport_us
E8069NA/3,10,endurasport_us
E8069NA/4,10,endurasport_us
E8069NA/5,10,endurasport_us
E8069NA/6,10,endurasport_us
E8069NA/7,10,endurasport_us
E8070BK/3,10,endurasport_us
E8070BK/4,10,endurasport_us
E8070BK/5,10,endurasport_us
E8070BK/6,10,endurasport_us
E8070BK/7,10,endurasport_us
E8070NA/3,10,endurasport_us
E8070NA/4,10,endurasport_us
E8070NA/5,10,endurasport_us
E8070NA/6,10,endurasport_us
E8070NA/7,10,endurasport_us
E8073BK/3,10,endurasport_us
E8073BK/4,10,endurasport_us
E8073BK/5,10,endurasport_us
E8073BK/6,10,endurasport_us
E8073BK/7,10,endurasport_us
E8074BK/3,10,endurasport_us
E8074BK/4,10,endurasport_us
E8074BK/5,10,endurasport_us
E8074BK/6,10,endurasport_us
E8074BK/7,10,endurasport_us
E8075BK/3,10,endurasport_us
E8075BK/4,10,endurasport_us
E8075BK/5,10,endurasport_us
E8075BK/6,10,endurasport_us
E8075BK/7,10,endurasport_us
E8076BK/3,10,endurasport_us
E8076BK/4,10,endurasport_us
E8076BK/5,10,endurasport_us
E8076BK/6,10,endurasport_us
E8076BK/7,10,endurasport_us
E8077BK/2,10,endurasport_us
E8077BK/3,10,endurasport_us
E8077BK/4,10,endurasport_us
E8077BK/5,10,endurasport_us
E8078BK/4,10,endurasport_us
E8078BK/7,10,endurasport_us
E8078OM/3,10,endurasport_us
E8078OM/4,10,endurasport_us
E8078OM/5,10,endurasport_us
E8078OM/6,10,endurasport_us
E8078OM/7,10,endurasport_us
E8080BK/3,10,endurasport_us
E8080BK/4,10,endurasport_us
E8080BK/5,10,endurasport_us
E8080BK/6,10,endurasport_us
E8080BK/7,10,endurasport_us
E8080MY/5,10,endurasport_us
E8081BK/3,10,endurasport_us
E8081BK/4,10,endurasport_us
E8081BK/5,10,endurasport_us
E8081BK/6,10,endurasport_us
E8081BK/7,10,endurasport_us
E8081KH/3,10,endurasport_us
E8081KH/4,10,endurasport_us
E8081KH/5,10,endurasport_us
E8081KH/7,10,endurasport_us
E8081PT/4,10,endurasport_us
E8081PT/5,10,endurasport_us
E8081PT/6,10,endurasport_us
E8082BK/3,10,endurasport_us
E8082BK/4,10,endurasport_us
E8082BK/5,10,endurasport_us
E8082BK/6,10,endurasport_us
E8082BK/7,10,endurasport_us
E8082KH/3,10,endurasport_us
E8082KH/4,10,endurasport_us
E8082KH/5,10,endurasport_us
E8082KH/7,10,endurasport_us
E8082PT/5,10,endurasport_us
E8082PT/6,10,endurasport_us
E8903PK/S-M,10,endurasport_us
E8904YV/S-M,10,endurasport_us
E8904YV/L-XL,10,endurasport_us
E9026BK/2,10,endurasport_us
E9026BK/3,10,endurasport_us
E9026BK/4,10,endurasport_us
E9026BK/5,10,endurasport_us
E9026BK/6,10,endurasport_us
E9026BK/7,10,endurasport_us
E9026LG/2,10,endurasport_us
E9026LG/3,10,endurasport_us
E9026LG/4,10,endurasport_us
E9026LG/5,10,endurasport_us
E9026LG/7,10,endurasport_us
E9026W/2,10,endurasport_us
E9026W/3,10,endurasport_us
E9026W/6,10,endurasport_us
E9026W/7,10,endurasport_us
E9027BK/2,10,endurasport_us
E9027BK/3,10,endurasport_us
E9027BK/4,10,endurasport_us
E9027BK/5,10,endurasport_us
E9027BK/6,10,endurasport_us
E9027BK/7,10,endurasport_us
E9027W/2,10,endurasport_us
E9027W/5,10,endurasport_us
E9027W/6,10,endurasport_us
E9027W/7,10,endurasport_us
E9037/2,10,endurasport_us
E9037/3,10,endurasport_us
E9037/4,10,endurasport_us
E9037/5,10,endurasport_us
E9037R/2,10,endurasport_us
E9037W/3,10,endurasport_us
E9037W/4,10,endurasport_us
E9037W/5,10,endurasport_us
E9057BK/2,10,endurasport_us
E9057BK/4,10,endurasport_us
E9057BK/5,10,endurasport_us
E9057PV/3,10,endurasport_us
E9057PV/4,10,endurasport_us
E9057PV/5,10,endurasport_us
E9057RD/2,10,endurasport_us
E9057RD/3,10,endurasport_us
E9057RD/4,10,endurasport_us
E9057RD/5,10,endurasport_us
E9057RD/6,10,endurasport_us
E9057UM/2,10,endurasport_us
E9057UM/3,10,endurasport_us
E9057UM/4,10,endurasport_us
E9057UM/5,10,endurasport_us
E9057UM/6,10,endurasport_us
E9058BK/2,10,endurasport_us
E9058BK/3,10,endurasport_us
E9058BK/4,10,endurasport_us
E9058BK/5,10,endurasport_us
E9058BK/6,10,endurasport_us
E9058BU/2,10,endurasport_us
E9058BU/3,10,endurasport_us
E9058BU/4,10,endurasport_us
E9058BU/5,10,endurasport_us
E9058BU/6,10,endurasport_us
E9058PK/3,10,endurasport_us
E9058PK/4,10,endurasport_us
E9058PK/5,10,endurasport_us
E9058PU/2,10,endurasport_us
E9058PU/3,10,endurasport_us
E9058PU/4,10,endurasport_us
E9058PU/5,10,endurasport_us
E9058W/2,10,endurasport_us
E9058W/3,10,endurasport_us
E9058W/4,10,endurasport_us
E9058W/5,10,endurasport_us
E9059BK/4,10,endurasport_us
E9059G/4,10,endurasport_us
E9059R/4,10,endurasport_us
E9061YV/2,10,endurasport_us
E9062BK/2,10,endurasport_us
E9062BK/3,10,endurasport_us
E9062BK/4,10,endurasport_us
E9062BK/5,10,endurasport_us
E9062BK/6,10,endurasport_us
E9062PV/2,10,endurasport_us
E9062PV/3,10,endurasport_us
E9062PV/4,10,endurasport_us
E9062PV/5,10,endurasport_us
E9062PV/6,10,endurasport_us
E9062W/3,10,endurasport_us
E9062W/4,10,endurasport_us
E9062W/5,10,endurasport_us
E9062W/6,10,endurasport_us
E9063BK/7,10,endurasport_us
E9063UM/4,10,endurasport_us
E9063UM/5,10,endurasport_us
E9063YV/5,10,endurasport_us
E9063YV/6,10,endurasport_us
E9063YV/7,10,endurasport_us
E9064BK/4,10,endurasport_us
E9065BK/3,10,endurasport_us
E9065BK/4,10,endurasport_us
E9065BK/5,10,endurasport_us
E9065BK/6,10,endurasport_us
E9065GV/2,10,endurasport_us
E9065GV/3,10,endurasport_us
E9065GV/5,10,endurasport_us
E9065GV/7,10,endurasport_us
E9065R/3,10,endurasport_us
E9066BK/2,10,endurasport_us
E9066BK/3,10,endurasport_us
E9066BK/4,10,endurasport_us
E9066BK/5,10,endurasport_us
E9066CE/2,10,endurasport_us
E9066CE/3,10,endurasport_us
E9066CE/4,10,endurasport_us
E9066CE/5,10,endurasport_us
E9066CE/6,10,endurasport_us
E9066UM/2,10,endurasport_us
E9066UM/3,10,endurasport_us
E9066UM/4,10,endurasport_us
E9066UM/5,10,endurasport_us
E9066UM/6,10,endurasport_us
E9067BK/2,10,endurasport_us
E9067BK/3,10,endurasport_us
E9067BK/4,10,endurasport_us
E9067BK/6,10,endurasport_us
E9067BK/7,10,endurasport_us
E9067GV/2,10,endurasport_us
E9067YV/7,10,endurasport_us
E9068BK/3,10,endurasport_us
E9068BK/6,10,endurasport_us
E9068GV/4,10,endurasport_us
E9068GV/5,10,endurasport_us
E9068PV/2,10,endurasport_us
E9068PV/3,10,endurasport_us
E9068PV/4,10,endurasport_us
E9068PV/5,10,endurasport_us
E9068YV/2,10,endurasport_us
E9068YV/3,10,endurasport_us
E9068YV/4,10,endurasport_us
E9068YV/5,10,endurasport_us
E9068YV/6,10,endurasport_us
E9069BU/2,10,endurasport_us
E9069BU/3,10,endurasport_us
E9069BU/4,10,endurasport_us
E9069BU/5,10,endurasport_us
E9069PV/2,10,endurasport_us
E9069PV/3,10,endurasport_us
E9069YV/2,10,endurasport_us
E9069YV/3,10,endurasport_us
E9069YV/4,10,endurasport_us
E9069YV/5,10,endurasport_us
E9069YV/6,10,endurasport_us
E9070BK/3,10,endurasport_us
E9070BK/4,10,endurasport_us
E9070BK/5,10,endurasport_us
E9070BK/6,10,endurasport_us
E9070GN/3,10,endurasport_us
E9070GN/4,10,endurasport_us
E9070GN/6,10,endurasport_us
E9070GN/7,10,endurasport_us
E9070RD/3,10,endurasport_us
E9070RD/7,10,endurasport_us
E9071RD/3,10,endurasport_us
E9071RD/4,10,endurasport_us
E9071RD/5,10,endurasport_us
E9071RD/6,10,endurasport_us
E9071RD/7,10,endurasport_us
E9072BK/2,10,endurasport_us
E9072BK/3,10,endurasport_us
E9072BK/6,10,endurasport_us
E9072PV/2,10,endurasport_us
E9072PV/3,10,endurasport_us
E9072PV/4,10,endurasport_us
E9072PV/5,10,endurasport_us
E9072UM/1,10,endurasport_us
E9072UM/2,10,endurasport_us
E9072UM/3,10,endurasport_us
E9072UM/4,10,endurasport_us
E9072UM/5,10,endurasport_us
E9072UM/6,10,endurasport_us
E9073BK/3,10,endurasport_us
E9073BK/4,10,endurasport_us
E9073BK/5,10,endurasport_us
E9073BK/6,10,endurasport_us
E9073YV/6,10,endurasport_us
E9075PK/1,10,endurasport_us
E9075PK/2,10,endurasport_us
E9075PK/3,10,endurasport_us
E9075PK/4,10,endurasport_us
E9075PK/5,10,endurasport_us
E9075TU/2,10,endurasport_us
E9075TU/3,10,endurasport_us
E9075TU/4,10,endurasport_us
E9075TU/5,10,endurasport_us
E9075WH/1,10,endurasport_us
E9075WH/2,10,endurasport_us
E9075WH/3,10,endurasport_us
E9075WH/4,10,endurasport_us
E9075WH/5,10,endurasport_us
E9076GV/3,10,endurasport_us
E9076GV/4,10,endurasport_us
E9076GV/5,10,endurasport_us
E9076GV/6,10,endurasport_us
E9076GV/7,10,endurasport_us
E9076YV/3,10,endurasport_us
E9076YV/4,10,endurasport_us
E9076YV/5,10,endurasport_us
E9076YV/6,10,endurasport_us
E9076YV/7,10,endurasport_us
E9077GV/2,10,endurasport_us
E9077GV/3,10,endurasport_us
E9077GV/4,10,endurasport_us
E9077GV/5,10,endurasport_us
E9077GV/6,10,endurasport_us
E9077PV/2,10,endurasport_us
E9077PV/3,10,endurasport_us
E9077PV/4,10,endurasport_us
E9077PV/5,10,endurasport_us
E9077PV/6,10,endurasport_us
E9078BK/3,10,endurasport_us
E9078BK/5,10,endurasport_us
E9078BK/7,10,endurasport_us
E9078NA/4,10,endurasport_us
E9078NA/6,10,endurasport_us
E9078OB/3,10,endurasport_us
E9078OB/4,10,endurasport_us
E9078OB/5,10,endurasport_us
E9078OB/6,10,endurasport_us
E9079PV/2,10,endurasport_us
E9079PV/3,10,endurasport_us
E9079PV/4,10,endurasport_us
E9079PV/5,10,endurasport_us
E9081GV/3,10,endurasport_us
E9081GV/4,10,endurasport_us
E9081GV/5,10,endurasport_us
E9081GV/6,10,endurasport_us
E9081GV/7,10,endurasport_us
E9081RD/5,10,endurasport_us
E9081RD/6,10,endurasport_us
E9081RD/7,10,endurasport_us
E9085GV/3,10,endurasport_us
E9085GV/4,10,endurasport_us
E9085GV/5,10,endurasport_us
E9085GV/6,10,endurasport_us
E9085NA/3,10,endurasport_us
E9085NA/4,10,endurasport_us
E9085NA/5,10,endurasport_us
E9085NA/6,10,endurasport_us
E9085NA/7,10,endurasport_us
E9085RD/3,10,endurasport_us
E9085RD/4,10,endurasport_us
E9085RD/5,10,endurasport_us
E9085RD/6,10,endurasport_us
E9085RD/7,10,endurasport_us
E9087YV/3,10,endurasport_us
E9087YV/4,10,endurasport_us
E9087YV/5,10,endurasport_us
E9087YV/6,10,endurasport_us
E9087YV/7,10,endurasport_us
E9088YV/3,10,endurasport_us
E9088YV/4,10,endurasport_us
E9088YV/6,10,endurasport_us
E9090RD/2,10,endurasport_us
E9090RD/3,10,endurasport_us
E9090RD/4,10,endurasport_us
E9090RD/5,10,endurasport_us
E9092NA/2,10,endurasport_us
E9092NA/3,10,endurasport_us
E9092NA/4,10,endurasport_us
E9092NA/5,10,endurasport_us
E9092NA/6,10,endurasport_us
E9092RA/2,10,endurasport_us
E9092RA/3,10,endurasport_us
E9092RA/4,10,endurasport_us
E9092RA/5,10,endurasport_us
E9092RA/6,10,endurasport_us
E9095BK/2,10,endurasport_us
E9095BK/3,10,endurasport_us
E9095BK/4,10,endurasport_us
E9095BK/5,10,endurasport_us
E9095BK/6,10,endurasport_us
E9095BK/7,10,endurasport_us
E9095RD/2,10,endurasport_us
E9095RD/3,10,endurasport_us
E9095RD/4,10,endurasport_us
E9095RD/5,10,endurasport_us
E9095RD/6,10,endurasport_us
E9095YV/2,10,endurasport_us
E9095YV/3,10,endurasport_us
E9095YV/4,10,endurasport_us
E9095YV/5,10,endurasport_us
E9095YV/6,10,endurasport_us
E9095YV/7,10,endurasport_us
E9098CM/3,10,endurasport_us
E9098CM/4,10,endurasport_us
E9098CM/5,10,endurasport_us
E9098CM/6,10,endurasport_us
E9098CM/7,10,endurasport_us
E9098CT/3,10,endurasport_us
E9098CT/4,10,endurasport_us
E9098CT/5,10,endurasport_us
E9098CT/6,10,endurasport_us
E9098CT/7,10,endurasport_us
E9098NA/3,10,endurasport_us
E9098NA/4,10,endurasport_us
E9098NA/5,10,endurasport_us
E9098NA/6,10,endurasport_us
E9098NA/7,10,endurasport_us
E9099CO/2,10,endurasport_us
E9099CO/3,10,endurasport_us
E9099CO/4,10,endurasport_us
E9099CO/5,10,endurasport_us
E9100CR/2,10,endurasport_us
E9100CR/3,10,endurasport_us
E9100CR/4,10,endurasport_us
E9100CR/5,10,endurasport_us
E9100CR/6,10,endurasport_us
E9100PU/2,10,endurasport_us
E9100PU/3,10,endurasport_us
E9100PU/4,10,endurasport_us
E9100PU/5,10,endurasport_us
E9100PU/6,10,endurasport_us
E9101CO/2,10,endurasport_us
E9101CO/3,10,endurasport_us
E9101CO/4,10,endurasport_us
E9101CO/5,10,endurasport_us
E9102BK/3,10,endurasport_us
E9102BK/4,10,endurasport_us
E9102BK/5,10,endurasport_us
E9102BK/6,10,endurasport_us
E9102BK/7,10,endurasport_us
E9102GV/3,10,endurasport_us
E9102GV/4,10,endurasport_us
E9102GV/5,10,endurasport_us
E9102GV/6,10,endurasport_us
E9102GV/7,10,endurasport_us
E9102RD/3,10,endurasport_us
E9102RD/4,10,endurasport_us
E9102RD/5,10,endurasport_us
E9102RD/6,10,endurasport_us
E9102RD/7,10,endurasport_us
E9103BK/3,10,endurasport_us
E9103BK/4,10,endurasport_us
E9103BK/5,10,endurasport_us
E9103BK/6,10,endurasport_us
E9103BK/7,10,endurasport_us
E9103GV/3,10,endurasport_us
E9103GV/4,10,endurasport_us
E9103GV/5,10,endurasport_us
E9103GV/6,10,endurasport_us
E9103GV/7,10,endurasport_us
E9104CO/2,10,endurasport_us
E9104CO/3,10,endurasport_us
E9104CO/4,10,endurasport_us
E9104CO/5,10,endurasport_us
E9104CR/2,10,endurasport_us
E9104CR/3,10,endurasport_us
E9104CR/4,10,endurasport_us
E9104CR/5,10,endurasport_us
E9105BK/3,10,endurasport_us
E9105BK/4,10,endurasport_us
E9105BK/5,10,endurasport_us
E9105BK/6,10,endurasport_us
E9105BK/7,10,endurasport_us
E9106BK/2,10,endurasport_us
E9106BK/3,10,endurasport_us
E9106BK/4,10,endurasport_us
E9106BK/5,10,endurasport_us
E9106BK/6,10,endurasport_us
E9106BK/7,10,endurasport_us
E9106GV/2,10,endurasport_us
E9106GV/3,10,endurasport_us
E9106GV/4,10,endurasport_us
E9106GV/5,10,endurasport_us
E9106GV/6,10,endurasport_us
E9106GV/7,10,endurasport_us
E9106WH/2,10,endurasport_us
E9106WH/3,10,endurasport_us
E9106WH/4,10,endurasport_us
E9106WH/5,10,endurasport_us
E9106WH/6,10,endurasport_us
E9106WH/7,10,endurasport_us
E9107BK/2,10,endurasport_us
E9107BK/3,10,endurasport_us
E9107BK/4,10,endurasport_us
E9107BK/5,10,endurasport_us
E9107BK/6,10,endurasport_us
E9107BK/7,10,endurasport_us
E9107WH/2,10,endurasport_us
E9107WH/3,10,endurasport_us
E9107WH/4,10,endurasport_us
E9107WH/5,10,endurasport_us
E9107WH/6,10,endurasport_us
E9107WH/7,10,endurasport_us
E9108BK/1,10,endurasport_us
E9108BK/2,10,endurasport_us
E9108BK/3,10,endurasport_us
E9108BK/4,10,endurasport_us
E9108BK/5,10,endurasport_us
E9108BK/6,10,endurasport_us
E9108CE/1,10,endurasport_us
E9108CE/2,10,endurasport_us
E9108CE/3,10,endurasport_us
E9108CE/4,10,endurasport_us
E9108CE/5,10,endurasport_us
E9108CE/6,10,endurasport_us
E9109BK/2,10,endurasport_us
E9109BK/3,10,endurasport_us
E9109BK/4,10,endurasport_us
E9109BK/5,10,endurasport_us
E9109BK/6,10,endurasport_us
E9109CE/2,10,endurasport_us
E9109CE/3,10,endurasport_us
E9109CE/4,10,endurasport_us
E9109CE/5,10,endurasport_us
E9109CE/6,10,endurasport_us
E9111BK/2,10,endurasport_us
E9111BK/3,10,endurasport_us
EM0043OR/3,10,endurasport_us
EM0043OR/4,10,endurasport_us
EM0043OR/5,10,endurasport_us
EM0046/3,10,endurasport_us
EM0046/7,10,endurasport_us
EM0048WH/4,10,endurasport_us
EM0049BK/S-M,10,endurasport_us
EM0049BK/L-XL,10,endurasport_us
EM0053NA/3,10,endurasport_us
EM0053NA/4,10,endurasport_us
EM0053NA/5,10,endurasport_us
EM0053NA/6,10,endurasport_us
EM0053NA/7,10,endurasport_us
EM0053OM/3,10,endurasport_us
EM0053OM/4,10,endurasport_us
EM0053OM/5,10,endurasport_us
EM0053OM/6,10,endurasport_us
EM0053OM/7,10,endurasport_us
EM0054BK/4,10,endurasport_us
EM0054BK/5,10,endurasport_us
EM0054BK/6,10,endurasport_us
EM0054KH/3,10,endurasport_us
EM0054KH/4,10,endurasport_us
EM0054KH/5,10,endurasport_us
EM0054KH/6,10,endurasport_us
EM0054KH/7,10,endurasport_us
EM0054NA/4,10,endurasport_us
EM0054NA/5,10,endurasport_us
EM0054NA/6,10,endurasport_us
EM0054NA/7,10,endurasport_us
EM0055BK/3,10,endurasport_us
EM0055BK/4,10,endurasport_us
EM0055BK/5,10,endurasport_us
EM0055BK/6,10,endurasport_us
EM0055BK/7,10,endurasport_us
EM0055NA/3,10,endurasport_us
EM0055NA/4,10,endurasport_us
EM0055NA/5,10,endurasport_us
EM0055NA/6,10,endurasport_us
EM0055NA/7,10,endurasport_us
EM0056BK/S-M,10,endurasport_us
EM0056BK/M-L,10,endurasport_us
EM0056BK/L-XL,10,endurasport_us
EM0057BK/3,10,endurasport_us
EM0057BK/4,10,endurasport_us
EM0057BK/5,10,endurasport_us
EM0057BK/6,10,endurasport_us
EM0057BK/7,10,endurasport_us
EM0057BU/3,10,endurasport_us
EM0057BU/4,10,endurasport_us
EM0057BU/5,10,endurasport_us
EM0057BU/6,10,endurasport_us
EM0057BU/7,10,endurasport_us
EM0057NA/3,10,endurasport_us
EM0057NA/4,10,endurasport_us
EM0057NA/5,10,endurasport_us
EM0057NA/6,10,endurasport_us
EM0057NA/7,10,endurasport_us
EM0058NA/3,10,endurasport_us
EM0058NA/4,10,endurasport_us
EM0058NA/5,10,endurasport_us
EM0058NA/6,10,endurasport_us
EP0028R/3,10,endurasport_us
EP0028R/4,10,endurasport_us
EP0055/4,10,endurasport_us
EP0055/5,10,endurasport_us
EP0055/6,10,endurasport_us
EP0055/7,10,endurasport_us
EP0056PK/2,10,endurasport_us
EP0056PK/3,10,endurasport_us
EP0056PK/4,10,endurasport_us
EP0056PK/5,10,endurasport_us
EP0063BK/3,10,endurasport_us
EP0063BK/4,10,endurasport_us
EQ0085W/3,10,endurasport_us
EQ0085W/4,10,endurasport_us
EQ0085W/5,10,endurasport_us
EQ3042R/5,10,endurasport_us
EQ3061BK/4,10,endurasport_us
EQ9056BK/3,10,endurasport_us
EQ9056BK/4,10,endurasport_us
ET6081MV/K7,10,endurasport_us
ET6081MV/K9,10,endurasport_us
ET6093MV/4,10,endurasport_us
ET6094MV/2,10,endurasport_us
ET6095MV/2,10,endurasport_us
ET6095MV/3,10,endurasport_us
ET6095MV/7,10,endurasport_us
ET6096MV/0,10,endurasport_us
ET6100MV/S-M,10,endurasport_us
ET7001BU/4,10,endurasport_us
ET7101MV/2,10,endurasport_us
ET7104MV/0,10,endurasport_us
ET7105MV/2,10,endurasport_us
ET7105MV/3,10,endurasport_us
ET7105MV/4,10,endurasport_us
ET7105MV/5,10,endurasport_us
ET7105MV/6,10,endurasport_us
ET7105MV/7,10,endurasport_us
ET7106MV/S-M,10,endurasport_us
ET7106MV/L-XL,10,endurasport_us
ET7107MV/L-XL,10,endurasport_us
ET8136CB/1,10,endurasport_us
ET8136CB/2,10,endurasport_us
ET8136CB/3,10,endurasport_us
ET8136CB/4,10,endurasport_us
ET8136CB/5,10,endurasport_us
ET8139CB/2,10,endurasport_us
ET8139CB/3,10,endurasport_us
ET8139CB/4,10,endurasport_us
ET8139CB/5,10,endurasport_us
ET8140CB/0,10,endurasport_us
ET8201CB/3,10,endurasport_us
ET8201CB/4,10,endurasport_us
ET8201CB/5,10,endurasport_us
ET8204CB/2,10,endurasport_us
ET8204CB/3,10,endurasport_us
ET8204CB/4,10,endurasport_us
ET8204CB/5,10,endurasport_us
EU3049BK/4,10,endurasport_us
EU3049BK/5,10,endurasport_us
EU3049BK/6,10,endurasport_us
EU3049BK/7,10,endurasport_us
EU3049ST/3,10,endurasport_us
EU3049ST/4,10,endurasport_us
EU3049ST/5,10,endurasport_us
EU3049ST/6,10,endurasport_us
EU3058ST/3,10,endurasport_us
EU3058ST/4,10,endurasport_us
EU3058ST/5,10,endurasport_us
EU3058ST/6,10,endurasport_us
EU3058ST/7,10,endurasport_us
EU3061BK/3,10,endurasport_us
EU3061BK/6,10,endurasport_us
EU3061BK/7,10,endurasport_us
EU3061OC/3,10,endurasport_us
EU3061OC/4,10,endurasport_us
EU3061OC/5,10,endurasport_us
EU3061OC/6,10,endurasport_us
EU3061OC/7,10,endurasport_us
EU3062BK/1,10,endurasport_us
EU3062BK/2,10,endurasport_us
EU3062BK/3,10,endurasport_us
EU3062BK/4,10,endurasport_us
EU3062BK/5,10,endurasport_us
EU3062TU/2,10,endurasport_us
EU3062TU/3,10,endurasport_us
EU3062TU/4,10,endurasport_us
EU3062TU/5,10,endurasport_us
EU3063BK/3,10,endurasport_us
EU3063BK/4,10,endurasport_us
EU3063BK/5,10,endurasport_us
EU3063BK/6,10,endurasport_us
EU3063BK/7,10,endurasport_us
EU8045BK/3,10,endurasport_us
EU8045BK/4,10,endurasport_us
EU8045BK/5,10,endurasport_us
EU8045BK/6,10,endurasport_us
EU8045BK/7,10,endurasport_us
EU8050AN/3,10,endurasport_us
EU8050AN/4,10,endurasport_us
EU8050AN/6,10,endurasport_us
EU8050BU/3,10,endurasport_us
EU8050BU/4,10,endurasport_us
EU8050BU/5,10,endurasport_us
EU8050BU/6,10,endurasport_us
EU8050BU/7,10,endurasport_us
EU8050BU-7,10,endurasport_us
JLENS01,10,endurasport_us
